,mean,design_only,cognate_ridge,pca_ridge,pls,multimodal_ae
TraesNOR2A03G00636370,-0.0004914999,0.016571939,0.016571939,-2.2136543,-1.6508691,-0.10894382
TraesNOR3D03G02008900,-0.009367466,0.29997617,0.21484196,-0.31404448,-0.6306915,-0.08404732
TraesNOR7A03G04022530,-2.3841858e-07,0.10326117,0.10326117,-1.9007008,-0.9158739,0.022891045
TraesNOR2B03G01091350,-0.026811004,0.08357996,0.23874843,-0.07101858,0.11357212,-0.029403806
TraesNOR2B03G00876620,-0.029919505,0.24972332,0.5812139,-0.6893345,-0.7594248,-0.3039837
TraesNOR5D03G03140220,-0.0020941496,0.41423,0.667969,-0.07886207,-0.48793745,0.0014128089
TraesNOR1D03G00579230,-0.0121154785,-0.08364034,0.033070326,-2.265038,-1.091049,-0.013810277
TraesNOR2A03G00821930,-0.0129573345,-0.09174693,0.3846144,0.0041643977,0.042598188,-0.02201736
TraesNOR5A03G02622580,-0.30350935,-0.10391545,0.62652946,-0.15202391,-0.4024316,-0.7965462
TraesNOR2D03G01275910,-0.003224969,0.20454735,0.40157473,-0.05179453,-0.027529716,-0.03953445
TraesNOR4B03G02382270,-0.017289162,0.40430653,0.4043064,0.4268083,0.37659335,-0.28647184
TraesNOR7D03G04455080,-4.172325e-06,0.042443633,0.042443633,-0.3327484,0.103606224,-0.0061306953
TraesNOR6D03G03732050,-0.06939328,-0.0959214,-0.0017473698,0.0299474,0.46146756,-0.07446289
TraesNOR6A03G03415580,-0.016768813,0.0860194,0.16902447,-0.47339892,-0.20223129,-0.079462886
TraesNOR4D03G02440310,-0.49300766,-0.42402184,-0.42402184,0.40353495,0.31022412,-0.08462858
TraesNOR2D03G01321020,-0.00022912025,0.02207309,0.02207297,-0.38430452,0.19564718,-0.058387637
TraesNOR4D03G02563300,-0.418859,-0.51063335,0.3194015,0.5314615,0.4967665,-0.94675136
TraesNOR5D03G03241170,-0.5344554,-0.6110095,0.5441063,0.46114647,0.5328834,-1.0123098
TraesNOR1A03G00098990,-0.028402686,0.07253176,0.23820394,-0.6588112,-0.6357969,0.0038707256
TraesNOR4A03G02069810,-0.034749627,0.2229824,0.071282744,-0.33383083,-0.30487525,-0.05370152
TraesNOR3B03G01746440,-0.16985738,-0.094923496,-0.094923496,-1.4422545,-1.7915468,-0.09403992
TraesNOR6B03G03630990,-0.48091638,-0.31456816,0.5627941,-0.7593782,-1.057401,-0.11596155
TraesNOR1A03G00098970,-0.009276509,0.2653476,0.7068472,-0.43633592,-0.6942282,-0.004078865
TraesNOR3A03G01466950,-0.6111568,-0.42833304,0.6727768,0.29631007,0.5473328,-1.2282395
TraesNOR6B03G03607860,-0.0009691715,0.041925907,0.2585715,-0.68635845,-0.21555007,0.024754584
TraesNOR2B03G00876790,-0.005249977,0.24236274,0.4202844,-0.5934936,-0.6473595,-0.11633825
TraesNOR3B03G01686480,-0.035145998,0.1904251,0.6514913,-0.052826405,-0.41828978,-0.24569833
TraesNOR6A03G03416340,-0.014013886,0.18282473,0.28971493,-0.032306075,-0.1995697,-0.3125131
TraesNOR6D03G03809720,-1.0000007,-1.3098507,0.18369788,0.7933481,0.7183318,-0.27585185
TraesNOR4B03G02241060,-0.014159918,0.2592442,0.2592442,-0.70528793,-0.95766497,0.014248431
TraesNOR2D03G01131270,-0.024735212,0.25432783,0.27927375,0.07215333,-0.044932723,-0.02636373
TraesNOR1D03G00545270,-0.00039196014,-0.34674895,-0.34674895,-1.5770679,-0.51235914,-0.13864315
TraesNOR3D03G01946340,-0.29076135,-0.6201798,-0.62018,-1.3740692,-0.7399477,-0.0068461895
TraesNORUn03G04605870,-0.00013911724,-0.15901566,-1.0784068,-1.6458359,-0.5427543,-0.0834471
TraesNOR2D03G01136960,-0.5204524,-1.0282993,0.0030260086,0.13124716,0.52248317,-0.11170697
TraesNOR5D03G03166480,-0.024438262,0.28972644,0.7109066,-0.09376669,-0.3928758,-0.055711627
TraesNOR4D03G02577960,-0.003358364,0.28798062,0.28798044,0.2926883,0.23984975,0.020529568
TraesNOR3B03G01787670,-0.00067460537,0.39197075,0.39197075,0.048339427,-0.2180922,-0.07820296
TraesNOR6A03G03274030,-0.19407654,0.20420682,0.20420682,-0.68599486,-0.9538189,0.13944083
TraesNOR5B03G02963650,-0.015019655,0.08695042,0.08695054,0.19291508,0.44082165,-0.17138255
TraesNOR3A03G01527950,-0.006250143,0.10000819,0.27430493,-0.5679753,-0.5998844,0.1549412
TraesNOR6D03G03828630,-0.49469483,-0.59988344,-0.05074358,-0.16020703,-0.022771716,-0.89993215
TraesNOR1D03G00582370,-0.020885468,-0.3113345,-0.3113345,-0.4929502,-1.877531,0.018791735
TraesNOR1A03G00180380,-0.03696227,-0.05792415,-0.05792415,-1.3731501,-1.1125991,-0.2959001
TraesNOR4A03G02064760,-0.0030213594,0.36908937,0.36908937,0.6757871,0.5886438,-0.1359626
TraesNOR2D03G01101050,-0.00010681152,0.14040339,0.7863096,0.13304502,0.053197145,-0.07427156
TraesNOR1D03G00474450,-0.39283025,-0.30518997,-0.30518997,0.30596542,0.1434151,-0.69305193
TraesNOR2B03G01082730,-3.874302e-05,0.117033064,0.117033064,-0.15666914,-0.38590014,-0.12766337
TraesNOR5D03G03060810,-0.5335258,-0.6664673,0.44027323,0.41017097,0.49726933,-0.7338654
TraesNOR3D03G02014190,-0.044841528,0.11849302,0.14438534,-0.2778827,-0.5809783,0.015317738
TraesNOR6D03G03776730,-3.5762787e-07,-0.17228556,0.08283782,-0.101385236,0.049466312,-0.10996401
TraesNOR6A03G03421600,-0.0022392273,0.08231419,0.10610551,-1.2686737,-0.343709,0.0021577477
TraesNOR3D03G02022770,-0.02136445,0.10354376,0.34408748,-0.112666845,-0.25202918,-0.061996102
TraesNOR4B03G02392900,-0.017736912,0.08316898,0.28777283,-0.28708577,-0.4185151,0.06621021
TraesNOR6A03G03284010,-0.010997176,0.29077852,0.29077852,0.44316733,0.3468588,-0.043503642
TraesNORUn03G04710470,-1.2040138e-05,0.36976385,0.3493871,0.35392672,0.16945845,-0.1881659
TraesNOR2D03G01104060,-0.007917523,-0.38087547,-0.38087547,-0.2813152,-0.3332727,-0.18476677
TraesNOR2B03G00861570,-0.2164619,-0.78084433,-0.78084433,0.18527842,0.31998587,0.12449968
TraesNOR3A03G01485500,-0.00018966198,-0.050640345,-0.050640345,-9.70817,-5.5262127,-0.661253
TraesNOR3D03G01980890,-0.3036363,-0.29059386,-0.29059386,-6.2858663,-0.56323314,0.31366998
TraesNOR2D03G01316150,-0.7390506,-0.8633739,0.39254832,-0.3150158,-0.285892,-1.4199758
TraesNOR2D03G01105210,-0.00063705444,0.19135731,0.19135731,-0.909201,-1.1307392,-0.05066049
TraesNOR2A03G00674620,-0.8837564,-1.1416717,-1.1416717,-0.12505984,-1.972089,-0.6037595
TraesNOR7B03G04186140,-0.41547215,-0.1851821,-0.1851821,-0.7968428,-3.4585743,-0.703511
TraesNOR3D03G01915960,-0.69453347,-0.6313603,-0.6313603,-0.027691245,-0.18719673,-1.4579949
TraesNOR2D03G01320700,-0.002689004,0.323012,0.4062109,-0.04295683,-0.6544663,-0.11009467
TraesNOR4A03G02041510,-0.014536142,0.32384986,0.7738398,0.06475192,0.02154249,-0.027738452
TraesNOR5B03G02836180,-0.011188149,0.13655841,0.13655841,-0.69756055,-0.401914,-0.14497995
TraesNOR7B03G04224620,-0.24070907,-0.29191244,-0.29191256,0.13368535,0.124055386,-1.7545867
TraesNOR2D03G01131260,-0.7623912,-0.7863326,0.63414586,0.030828118,0.14396489,-0.23792994
TraesNOR3B03G01577720,-0.00038206577,0.36922556,0.36922556,-0.65807796,-0.6569953,-0.054004192
TraesNOR3A03G01370600,-0.27768087,-0.94192064,-0.94192064,-0.6462444,-0.70644546,-0.44065762
TraesNOR3A03G01371880,-5.877018e-05,0.26578254,0.49607635,0.3179993,0.02554226,-0.38975382
TraesNOR4B03G02379100,-0.5223805,-0.4170735,-0.4170735,-0.43781984,-0.5821134,-0.438807
TraesNOR2D03G01104990,-0.0042409897,-0.033351064,-0.033351183,-0.24038959,-0.7626234,-0.03082943
TraesNOR6B03G03540290,-0.07834506,0.023204803,0.023204803,-0.21806133,-0.109591246,-0.29959214
TraesNOR7A03G04038390,-0.00025475025,0.3295641,0.3295641,0.43235463,-0.33388174,-0.023489594
TraesNOR6B03G03469750,-0.06852901,0.07661587,0.18407291,-0.25418353,-0.30836618,-0.0871197
TraesNOR3D03G01956880,-0.55644476,-7.302723,-7.302723,-265.41238,-364.32272,-4.813537
TraesNOR2D03G01150760,-0.14422739,-0.22858572,-0.2285856,-0.14750934,-0.63125825,-1.0940635
TraesNOR5D03G03165720,-0.05755508,0.3767376,0.3767376,0.16231698,-0.14943373,-0.20621622
TraesNOR2D03G01255350,-0.57674396,-1.0147028,-0.14591348,0.17593306,0.3239938,-0.6552328
TraesNOR6B03G03645930,-0.009336829,-0.11905503,-0.11905503,-0.15193152,0.31106496,-0.07052207
TraesNOR1A03G00083110,-0.04478228,0.19559455,0.2575572,0.2939335,0.14829934,-0.114557505
TraesNOR1D03G00573580,-0.0912112,-0.10101318,-0.10101318,-0.17719305,-0.15810096,-0.41984236
TraesNOR3A03G01527440,-0.01260519,0.3561818,0.52901936,0.4710765,0.29527014,-0.20795345
TraesNORUn03G04759970,-0.65664506,-0.70589435,-0.7058946,-0.309734,-0.7326478,-0.7868227
TraesNOR4B03G02357470,-0.0018079281,-0.109921694,0.09402436,0.14865905,0.38672823,0.097890615
TraesNOR7D03G04461910,-0.021429658,0.052388847,0.052388847,-0.6813551,-1.412554,-0.03425038
TraesNOR6B03G03627380,-0.002840042,-0.13161445,-0.13161445,-1.9278374,-2.4797533,-0.016540766
TraesNOR5A03G02790270,-0.42813993,-0.18992293,-0.18992281,-1.5118761,-1.2511439,-2.2298152
TraesNOR1A03G00091890,-0.011952996,0.2721176,-0.02973342,0.116359174,0.00035262108,0.07409263
TraesNOR2D03G01298060,-0.15787017,-0.16951549,-0.16951549,-7.1678724,-1.8263414,-0.5675094
TraesNOR4B03G02244890,-0.05869448,-0.009850979,-0.009850979,-0.115036845,-0.057605505,-0.021707535
TraesNOR7A03G03932280,-0.29574776,-0.6288178,-0.6288178,-1.4338624,-1.4400694,-0.38549232
TraesNOR5D03G03213580,-0.40855587,-0.39220548,-0.39220548,-4.473483,-0.9628986,0.17099142
TraesNOR1B03G00399870,-0.017582178,0.18192464,0.30399883,0.17278403,-0.05910468,-0.215451
TraesNOR6A03G03378130,-0.7180735,-0.9431797,0.24720317,-1.3843668,-1.5810211,0.33040643
TraesNOR2A03G00596690,-0.05382514,0.07894856,0.07894844,0.20418984,0.12501562,-0.16049266
TraesNOR2B03G00844000,-0.81269133,-0.98815143,-0.013521552,-3.9399796,-3.928691,-0.6587106
TraesNOR5D03G03152750,-0.02101624,-0.027962565,-0.027962446,-0.07124102,-0.13187277,0.033777893
TraesNOR6B03G03670550,-0.5395061,-0.6940968,-0.6940968,-0.33295047,-0.82418036,-0.812539
TraesNOR3B03G01786870,-0.0008920431,0.2833351,0.39053732,0.31647986,0.12867385,-0.41390145
TraesNOR4D03G02562340,-0.000109791756,0.17453331,0.17453325,0.28654623,0.28238094,-0.073420644
TraesNORUn03G04746260,-0.008529544,-0.08522594,-0.08522594,-0.5585965,-0.15612388,-0.25823712
TraesNOR7D03G04328370,-0.28783154,-0.27106774,-0.27106762,-0.5696827,-0.05624163,0.11562061
TraesNOR3B03G01795510,-0.40892303,-0.62476456,-0.6247648,0.48286647,0.4752947,-1.2883778
TraesNOR6B03G03469790,-0.0047026873,0.38235545,0.3823555,0.099968314,-0.3389424,-0.30322313
TraesNOR7D03G04361770,-0.034836292,0.17258334,0.17258322,0.31128782,0.11004686,-0.20106423
TraesNOR4B03G02299460,-0.0002450943,0.0022587776,0.0022587776,-0.905553,-0.23372686,-0.10153031
TraesNOR3A03G01368630,-0.29732645,-0.31600046,-0.31600046,-0.3585137,-0.32612443,-0.58998096
TraesNOR7D03G04335400,-0.0009403229,0.05777043,0.05777043,0.47340518,0.44622874,0.06073624
TraesNOR1B03G00353620,-0.011439085,-0.24175203,-0.24175203,-3.4862757,-1.8865225,-0.07861471
TraesNOR3B03G01612180,-0.045217276,-0.3841113,-0.3841113,-2.426483,-5.324271,-0.59023297
TraesNOR1B03G00236930,-0.014375567,0.2941062,-0.024150133,0.57171786,0.4640817,-0.046224117
TraesNOR2B03G00886850,-0.0039310455,0.03723973,0.03723973,-0.22476947,-0.12132108,-0.24701142
TraesNOR5D03G03209140,-0.0014781952,0.13143295,-0.41122687,-0.14357007,0.17820811,0.030704856
TraesNOR5B03G02892880,-0.0027307272,0.12219596,0.12219596,-2.638511,-2.4457605,0.037293315
TraesNOR5B03G02894510,-0.5818052,-1.0079727,-1.0079725,-1.0077281,-2.5400932,-3.988274
TraesNOR5A03G02680190,-0.005792737,-0.1610961,-0.1610961,-2.7066925,-2.8901458,-0.070252895
TraesNOR7D03G04405260,-0.04186976,0.074724436,0.07472432,-0.47956502,-0.61106193,-0.16270971
TraesNOR2D03G01131120,-0.77781534,-0.7910347,0.4643126,-0.09517634,-0.024003506,-2.3021736
TraesNOR7D03G04390710,-0.013060689,0.10380006,0.16177428,-0.34602857,-0.12932551,0.018799424
TraesNOR7D03G04403680,-0.00016856194,0.12017596,0.12017596,-0.02462864,-0.1858871,-0.28870702
TraesNOR5D03G03206860,-0.01909554,0.15369225,0.15369225,-0.44604075,-0.9405421,-0.31769717
TraesNOR1B03G00250480,-0.050093055,0.13204205,0.13204205,-0.4888934,-0.1283474,-0.08374262
TraesNOR4B03G02261560,-3.7789345e-05,0.02849394,0.024697661,-0.46436083,-0.39648068,0.09716219
TraesNOR2B03G01000990,-0.00064504147,0.03023523,0.03023523,-2.0283406,-1.0883403,0.029577076
TraesNOR4D03G02546610,-0.02642572,-0.72424686,-0.72424674,-0.985322,-1.8457057,-0.14642107
TraesNOR1B03G00312280,-0.17444992,-0.4645927,-0.46459305,-2.548597,-0.9612006,-1.544282
TraesNOR6D03G03834120,-0.002997756,0.11135501,0.26064157,0.20317745,0.17717117,0.07645023
TraesNOR5B03G02920580,-0.118150115,-0.26169646,-0.26169622,-1.452786,-2.1510193,-0.20961738
TraesNOR1D03G00491280,-0.030093431,-0.12679958,-0.12679946,-1.2408645,-2.2627037,0.009530187
TraesNOR6B03G03471840,-0.013592124,0.23034537,0.3013503,0.051006854,-0.20654905,-0.027560592
TraesNOR6D03G03689260,-0.0028579235,0.31943655,0.31943655,-0.8018781,-0.8261516,-0.010459304
TraesNOR2A03G00643320,-0.0053350925,0.26486188,0.26486182,-1.0235622,-1.4252684,-0.019763589
TraesNOR4D03G02437960,-0.83334553,-1.2395267,-1.2395267,-2.9789538,-3.1772275,-3.5352736
TraesNOR1D03G00572410,-0.008534551,-0.32189,-0.32189,0.23215377,-0.025256872,-0.035961747
TraesNOR6D03G03700970,-0.31579208,-0.19114769,-0.19114769,-0.22785842,-0.12880576,-0.08721304
TraesNOR3D03G02023050,-0.002403736,-0.07792556,-0.07792556,0.116511464,0.26495075,0.13526744
TraesNOR5B03G02988160,-0.0044389963,0.30028486,0.30028486,-0.5301316,-0.108605504,-0.20621085
TraesNOR1B03G00234780,-0.0015689135,0.22266346,0.22266352,-0.3547145,0.29649484,0.09996331
TraesNOR6D03G03742190,-0.05590129,-0.5595759,-0.5595759,-2.9658282,-2.2855682,-0.22252774
TraesNOR4B03G02294590,-0.12751782,0.23214138,0.23214126,-0.66620696,-0.69962096,-0.13663685
TraesNOR4D03G02526720,-0.0004669428,-0.14737642,-0.14737642,-0.851208,-1.1662064,-0.15872908
TraesNOR4A03G02227030,-0.011655331,0.062050104,0.062050104,-0.51841784,-1.092797,-0.23202288
TraesNOR5A03G02666320,-0.0031698942,0.41172862,0.41172862,-1.1010664,-0.72988,-0.24456
TraesNOR3D03G01992250,-0.0027736425,-0.5102457,-0.51024556,-3.2629614,-2.1777852,-0.32473183
TraesNOR4A03G02194530,-0.022922039,-0.11690211,-0.11690223,-7.0883865,-6.177185,-0.46611702
TraesNOR5A03G02791060,-0.00022900105,-0.19238544,-0.03890419,-0.022252202,-0.008504391,-0.024432302
TraesNOR7B03G04192030,-0.017289996,0.07775122,-0.1868825,-0.0199759,-0.078768015,-0.151968
TraesNOR6D03G03766450,-0.6471125,-0.86864245,-0.8686428,-0.33065808,-0.7015674,-0.4130994
TraesNOR6D03G03772630,-0.0014346838,0.25683165,0.25683165,-1.7437193,-1.0454981,-0.23186469
TraesNOR3B03G01590150,-0.0036455393,-0.09785926,-0.09785926,-2.0841277,-1.12724,-0.29271924
TraesNOR5B03G03017820,5.9604645e-08,0.049937487,0.049937487,-4.306939,-1.1667974,-0.24132621
TraesNOR5D03G03263310,-0.00084614754,-0.23825574,-0.23825574,-0.92003965,-0.28416026,-0.099264145
TraesNOR3D03G01994610,-0.014932156,-0.2739755,-0.2739755,-1.8980799,-1.9406395,-0.050228238
TraesNOR7A03G03877440,-0.49037015,-0.86968875,-0.86968875,-16.166483,-7.677553,-2.0143867
TraesNOR5B03G02986110,-0.0009624958,0.08055633,0.08055633,-0.0010122061,0.07352114,0.021628082
TraesNOR4B03G02251620,-0.77318466,-0.9067999,-0.020156741,-0.44495487,-0.24133492,-1.3202016
TraesNOR4B03G02401460,-0.6307435,-0.8138331,0.23166537,-0.37509704,-0.18488789,-1.9405508
TraesNOR7A03G04061520,-0.042891383,0.041992664,0.041992664,0.108795345,0.07837981,-0.021800995
TraesNOR3B03G01567630,-0.013160944,0.031318188,0.031318188,-0.26112545,-0.40577257,-0.18486416
TraesNOR2B03G00885670,-0.050397277,-0.11391091,-0.11391091,-5.847695,-5.210451,-0.09591687
TraesNOR3D03G02007890,-0.32626998,-0.2462908,-0.2462908,0.59289753,0.5993545,-0.16629767
TraesNOR3A03G01325180,-0.012725949,-0.77558315,-0.77558315,-3.205863,-1.7090001,-0.44387674
TraesNOR4B03G02388340,-0.9702333,-1.2383249,-1.2383249,-1.0571952,-1.0386755,-1.4949894
TraesNORUn03G04729750,-9.536743e-07,0.3269573,0.32695723,0.14832598,0.25475317,-0.16477847
TraesNOR5D03G03145650,-0.00075113773,0.135243,0.084884286,-0.47148085,-0.40998614,-0.10672629
TraesNOR4D03G02517900,-0.003292799,0.050519466,0.050519466,-0.33472133,-0.71922684,0.05412507
TraesNORUn03G04753360,-0.0006920099,0.38453275,0.38453275,0.040858746,0.21186936,-0.8598912
TraesNOR5A03G02765830,-0.18325543,-0.196787,-0.196787,-0.49167943,-1.3059869,0.0075161457
TraesNOR3B03G01685470,-1.4305115e-05,-0.10805249,-0.10805249,-1.9141471,-0.37636805,-0.05728185
TraesNOR4B03G02362330,-0.009770155,-0.5937128,-0.5937128,-0.7162322,-0.43385458,-0.13261318
TraesNOR3D03G01885480,-0.0013822317,-0.22801328,-0.22801328,-1.2337809,-0.93819773,-0.021611333
TraesNORUn03G04612230,-0.6992017,-0.8766471,-0.8766471,-3.1668372,-3.9278183,-0.2962885
TraesNOR4B03G02381910,-0.0044555664,0.13511825,0.13511813,-0.3163557,-0.3448347,0.0017284751
TraesNOR7A03G03948080,-0.001752615,0.09878057,0.09878057,-2.2404745,-0.9348005,0.02334404
TraesNOR2D03G01162760,-0.012352943,-0.03479016,-0.0054295063,-0.3309058,-0.04296279,-0.10561788
TraesNOR5A03G02735290,-0.0057661533,-0.24845219,-0.24845219,0.56758744,0.20601392,-0.054423094
TraesNOR7D03G04462590,-0.32841384,-0.5028924,-0.5028924,-0.5739912,-0.61759055,-0.23406875
TraesNOR4B03G02403150,-0.0036050081,0.016468406,0.016468406,-1.2429016,-1.3262792,-0.1411401
TraesNORUn03G04608430,-0.30974865,-0.29079962,-0.29079962,0.31001866,0.34026426,-0.4041915
TraesNOR2D03G01320740,-0.42262685,-0.39734185,0.40685636,0.37413943,0.24403197,-0.48348045
TraesNOR2D03G01139460,-0.016176105,-0.50516367,-0.50516367,-0.2484144,-0.44397676,0.017482996
TraesNOR7B03G04158970,-0.043022633,-0.21837938,-0.21837938,-0.90389097,-1.2279756,-0.010800004
TraesNOR3D03G01974410,-0.1147207,-0.13413894,-0.13413894,-2.6899478,-1.2406156,-0.110661626
TraesNOR1A03G00122170,-0.00047552586,0.31346166,0.3732518,-0.21776223,-0.80954766,-0.14347684
TraesNOR5D03G03233310,-0.22048223,0.06793469,0.06793469,-13.800868,-25.15011,-1.5382123
TraesNOR3D03G01839580,-0.008900642,0.23200786,0.2320078,0.01434195,-0.10164487,0.04000008
TraesNORUn03G04626940,-0.0028358698,0.38066083,0.38066083,-0.11028302,-0.32969618,-0.21221292
TraesNOR2B03G00847780,-0.23974049,0.167728,0.167728,-0.18299282,-0.03401065,-1.2958817
TraesNOR2A03G00737620,-0.53564847,-0.55835104,0.026707828,-2.6593814,-0.4190209,-0.33618855
TraesNOR7D03G04479170,-0.066952586,0.023453295,0.023453295,-3.70401,-1.8064609,-0.030669928
TraesNOR6A03G03406160,-0.00065505505,0.29992312,0.29992312,0.056553602,0.2397973,-0.1536113
TraesNOR3D03G01850380,-0.13001704,-0.009562135,0.24590796,-0.20584393,-0.018608809,-0.038923264
TraesNOR3B03G01754790,-0.27433336,-0.5230981,-0.52309835,-1.2737098,-1.468591,-1.4047976
TraesNOR4D03G02451220,-0.0074111223,0.03341055,0.09132308,-0.4505992,-0.8784057,-0.3481493
TraesNOR2A03G00787120,-0.0305835,0.33442318,0.33442318,0.19650835,0.17665201,-0.49794626
TraesNOR7D03G04481450,-0.0011591911,0.13576305,0.27165133,0.11271876,-0.13416314,-0.20639598
TraesNOR5D03G03187420,-0.1824975,0.09041393,0.09041393,-4.490939,-5.8437767,-0.5625299
TraesNOR7D03G04466060,-0.096221685,-0.7762488,-0.7762488,-2.7248507,-2.4346929,-2.039167
TraesNOR6D03G03812330,-0.78729546,-1.3288853,-1.3288858,-41.356308,-67.332344,-1.3219998
TraesNOR5D03G03097320,-0.5265529,-0.64603186,-0.64603186,-6.322341,-9.559454,-1.2206407
TraesNORUn03G04738720,-0.06573081,0.32076293,0.32076293,-4.945715,-3.293468,-0.14029562
TraesNOR4B03G02255450,-0.006276965,0.24704367,0.24704367,-0.13064277,-0.068491936,-0.25988948
TraesNOR5D03G03207530,-0.25613785,-0.3996451,-0.3996451,0.35963118,0.1592915,-0.35603595
TraesNOR3D03G01853500,-9.10759e-05,0.19115329,0.19115329,-0.5871693,-0.019051433,0.046343744
TraesNOR7D03G04363170,-0.17676675,-0.2516687,-0.2516687,-1.0576074,-2.0229976,-0.4242412
TraesNOR7D03G04474430,-0.0056755543,-0.067923546,-0.06792343,-0.41341734,0.107566595,-0.06609261
TraesNOR3D03G01885200,-0.24761426,-0.19033313,-0.19033313,0.09273124,-1.7773681,-0.5174782
TraesNOR5D03G03153260,-0.24128282,-0.43778813,-0.43778837,-10.597609,-13.794814,-0.2151277
TraesNOR6B03G03611450,-0.000564456,0.14538896,0.14538896,-1.6729801,-2.9846687,-0.033777595
TraesNOR1B03G00249890,-0.07249272,0.16691267,0.16691267,0.037675023,-0.08562863,-1.1132419
TraesNOR7A03G04083670,-0.0037133694,-0.056952,-0.056952,-2.5800517,-0.66971445,0.0094486475
TraesNOR1B03G00383010,-0.033308268,0.5392912,0.53929114,-8.723126,-7.744831,-0.3478694
TraesNOR5B03G02992540,-0.53685665,-0.49346435,-0.49346423,-0.040420532,0.42631274,-1.5565848
TraesNOR5D03G03134400,-0.10559881,-0.045770526,-0.045770526,-0.24748993,0.017249286,-0.8444301
TraesNOR2B03G00845290,-0.57168114,-0.54964507,-0.54964507,0.26227206,0.23252833,-1.2893081
TraesNOR5D03G03078810,-0.00014793873,0.39422822,0.39422816,0.47946256,0.1792916,-0.15014112
TraesNOR4D03G02474890,-1.1920929e-07,0.34449983,0.34449983,-0.4258212,-0.39598393,-0.22626698
TraesNORUn03G04701450,-0.00022828579,0.37564224,0.37564224,0.5285296,0.29463995,-0.19276035
TraesNOR7D03G04434310,-0.084032536,0.08305228,0.08305228,0.14646566,0.107754946,-0.08899486
TraesNOR6A03G03403180,-0.12685573,0.40332246,0.40332246,-0.22904074,-0.41522157,-0.09448171
TraesNOR5A03G02794690,-0.00057315826,0.36371535,0.3637154,0.46404254,0.50718397,-0.0074449778
TraesNOR3A03G01535860,-2.3841858e-07,-0.10371244,-0.10371244,-1.2471983,-0.81962955,-0.028087378
TraesNOR1D03G00440490,-0.25439346,-0.07503259,-0.07503259,-1.578064,-2.6151001,-0.9541732
TraesNOR2A03G00632610,-0.0836035,-0.02664864,-0.02664864,-0.57740605,-0.9993373,-0.15474236
TraesNOR4D03G02525470,-0.6430367,-0.6821579,-0.68215775,0.2300713,-2.9443176,0.23730272
TraesNOR3B03G01663310,-0.018393636,-0.2061336,-0.2061336,-4.0480633,-6.4821267,0.1076954
TraesNOR1D03G00512160,-0.00065493584,0.058740318,0.058740318,-0.61082065,-0.6012925,-0.012872219
TraesNOR5A03G02706400,-0.049786687,0.12616724,0.12616724,0.04353732,-0.13923478,-2.3111327
TraesNOR2A03G00652060,-0.6641574,-0.831998,-0.8319982,-4.991533,0.41187614,-0.4146893
TraesNOR5D03G03257090,-0.007956624,-0.19777203,-0.19777203,-1.3448474,-1.8717947,-0.17544651
TraesNOR7D03G04469730,-0.11015737,0.2974071,0.2974071,-1.857744,-1.8325908,-0.8936391
TraesNORUn03G04636110,-0.037501335,-0.01973617,-0.01973617,-0.7408649,-0.15540755,-0.039288998
TraesNOR2D03G01225590,-0.0008904934,0.13124299,0.11284137,0.0066441298,-0.19390893,-0.10197568
TraesNOR6B03G03516110,-0.045529723,-0.023487687,-0.023487687,-0.17670906,0.15897572,-0.043679953
TraesNOR4A03G02169550,-0.0027617216,0.20080477,0.20080477,-1.4856949,-0.7614155,0.003137827
TraesNOR5B03G03040060,-0.086184144,-0.07476699,-0.07476699,0.14969581,-0.20299172,-0.034044385
TraesNOR6D03G03735260,-0.00018155575,0.32559717,0.32559717,-1.2887952,-1.0837262,-0.054342628
TraesNORUn03G04669880,-0.16688466,0.0760597,0.0760597,0.4222051,0.19100183,-0.57413363
TraesNOR1A03G00004290,-0.38985038,-0.15722251,-0.15722251,0.4055751,0.56427515,0.30317944
TraesNOR5D03G03202630,-0.00023460388,0.029935181,0.029935181,-0.40077758,-0.22756207,-0.08093059
TraesNOR1D03G00498420,-0.004583001,-0.5481014,-0.5481014,-27.425034,-19.621717,-2.867489
TraesNOR2B03G00902740,-0.5489497,-0.5348846,-0.5348846,-0.68844044,-1.3062532,-0.35412621
TraesNOR5A03G02616290,-2.503395e-06,-0.10649943,-0.10649943,-1.2404842,-0.3583386,0.08874726
TraesNOR4A03G02210960,-0.00043559074,-0.058768272,-0.058768272,-0.04284835,-0.26438653,-0.13769531
TraesNOR2D03G01249600,-0.06292188,-0.010499477,-0.010499477,-0.22175348,0.09354663,-0.07895124
TraesNOR1A03G00044350,-0.0013190508,0.07015312,0.07015312,-3.0206928,-2.3355577,0.035722435
TraesNOR3A03G01462160,-0.0057970285,0.042642176,0.042642176,-0.24217427,0.04432869,-0.05967486
TraesNOR7D03G04407060,-0.009972692,0.050438225,0.050438404,-1.5825605,-3.5690665,-0.6824049
TraesNOR7A03G03978040,-0.7046,-0.69917023,0.28667802,-1.6562281,-2.0337062,-0.87025166
TraesNOR5D03G03150880,-0.0039076805,-0.024166703,-0.024166703,-2.7027853,-2.0324166,-0.26218212
TraesNOR2B03G01065340,-0.0003581047,0.22224712,0.22224712,-0.37035978,0.321486,0.063955605
TraesNOR7D03G04490560,-0.10374153,-0.16700947,-0.16700947,-0.6078912,-0.48421347,-0.66121674
TraesNOR1B03G00321320,-0.004045129,-0.014451981,-0.014451981,-0.09491718,-0.12140703,-0.06620681
TraesNOR3D03G01858850,-0.00096488,0.030969799,0.030969799,0.019241154,0.24812078,-0.21631181
TraesNOR5A03G02783150,-0.014743447,0.020843327,0.020843327,-3.1142998,-3.8217783,0.15163815
TraesNOR4D03G02467470,-0.010931492,0.060183883,0.060183883,0.5132102,0.6447166,-0.05737424
TraesNOR3B03G01747650,-0.00024795532,0.22724599,0.18585646,-2.9043229,-0.55063593,-0.008373022
TraesNOR3D03G01941520,-0.18390787,-1.1394644,-1.1394644,-2.8818269,-3.4993668,-0.32740366
TraesNOR1D03G00422400,-0.00067806244,0.14142275,0.14142269,-0.25706935,0.1450355,-0.011419892
TraesNOR1A03G00082100,-0.04675412,-1.4075298,-1.4075298,-34.74294,-27.501554,-1.7643588
TraesNOR3A03G01492180,-8.821487e-06,0.09623754,0.09623754,-0.76934505,-0.2966143,-0.08628297
TraesNOR6D03G03699160,-0.00020444393,-0.3665843,-0.3665843,-0.76410925,-0.8273306,0.021444738
TraesNOR7A03G03988830,-0.0014730692,-0.9426842,-0.9426842,-0.88100505,-0.58807707,0.011302531
TraesNOR5D03G03177970,-0.3328793,-0.79684913,-0.79684913,-0.8603051,-2.426535,-2.42079
TraesNOR7A03G04038580,-0.00069892406,0.5256468,0.5256468,-0.37724638,-0.8910451,-0.14316511
TraesNOR3A03G01365370,-0.011605144,0.4058904,0.40589046,-1.3336904,-0.7814505,-0.3844056
TraesNOR7A03G04066550,-4.005432e-05,-0.23638582,-0.23638582,-3.2025251,-0.65118957,-0.07834387
TraesNOR2B03G01007040,-0.09627187,-1.1419556,-1.1419556,-6.483831,-0.37388098,-2.2761924
TraesNOR2B03G00894100,-0.52383316,-1.6308045,-1.6308045,-21.52594,-13.350636,-0.8498875
TraesNOR3D03G01929420,-2.026558e-06,0.35654593,0.35654593,0.4048046,0.017210841,-0.26590967
TraesNOR6B03G03647550,-2.8014183e-05,0.37449968,0.37449968,0.0786984,-0.3756857,-0.16975474
TraesNOR3D03G01953480,-2.002716e-05,0.1882509,0.1882509,-2.8797586,-3.002223,-0.04176998
TraesNOR7A03G03974550,-0.0027959347,0.38544756,0.38544762,-0.4923979,-0.32924187,-0.025236368
TraesNOR3A03G01526760,-0.00071775913,0.28150302,0.36750096,-0.012200713,-0.24343753,-0.35831583
TraesNOR6D03G03769270,-0.026334167,0.091727555,0.091727555,-0.8357215,0.14844006,-0.050810337
TraesNOR1D03G00496850,-0.06748068,-0.57016647,-0.57016647,-0.679837,-0.37005126,-0.25124037
TraesNOR6A03G03435520,-0.00016319752,0.23008406,0.23008412,-0.3835082,0.15214384,-0.06981397
TraesNOR7D03G04542630,-1.4424324e-05,-0.19966936,-0.19966936,-0.1843884,-0.019182563,-0.18967462
TraesNOR5D03G03138160,-0.0014455318,-0.062039852,-0.062039852,-1.5382648,-0.9768188,-0.18436444
TraesNOR5D03G03099410,-0.01331079,0.18563253,0.2471183,-1.1026309,-0.5084281,-0.20592666
TraesNOR5B03G02948440,-0.0042101145,-0.064465165,-0.064465165,-0.07371521,-0.23704457,0.16040474
TraesNOR1D03G00523420,-0.0049316883,-0.4240352,-0.4240352,-1.2842515,-1.5821261,-0.15197492
TraesNOR3D03G01958110,-0.40096557,-0.34709835,-0.34709835,0.50416857,0.54464567,-0.6549171
TraesNOR6B03G03575010,-0.012725949,-0.4949025,-0.4949025,-1.0453453,-1.0565639,-0.03809309
TraesNOR2B03G00908730,-0.16423786,-0.5758792,-0.5758792,-4.9803643,-6.8229594,-0.49311268
TraesNOR2A03G00697060,-0.0003951788,0.26645052,0.26645052,-2.3650212,-0.71992826,0.0071409345
TraesNOR1D03G00536040,-0.1826762,0.014989138,0.014989197,-2.297687,-1.8816998,-1.6958263
TraesNOR6D03G03693470,-0.082013965,-1.4598153,-1.4598153,-2.1459875,-3.7784657,-0.14002049
TraesNOR6B03G03677320,-0.41598248,-0.31419826,-0.31419826,-33.44991,-31.54469,0.39421636
TraesNOR7B03G04171630,-9.62019e-05,0.40548354,0.4054836,-0.42301154,-0.08704758,-0.09736335
TraesNOR2A03G00667450,-0.0005174875,0.051226914,0.051226795,-0.46083438,0.0153621435,0.031004488
TraesNOR4A03G02200240,-0.00052309036,0.17863315,0.17863315,-0.5491016,-0.4117329,-0.0039402246
TraesNORUn03G04619660,-0.0003054142,0.03504044,0.035040617,-1.8368459,-0.80595815,-0.17503178
TraesNOR1A03G00023280,-0.0011307001,0.10750067,0.14409447,-0.32568502,-0.1599021,-0.086867094
TraesNOR5D03G03171600,-0.28371644,-0.17124474,-0.17124474,0.5169637,0.39298964,0.21546382
TraesNOR1A03G00119210,-0.010193825,-0.13827252,-0.13827252,-1.0684483,-0.1550312,0.019607723
TraesNOR1D03G00477450,-0.00084877014,-0.28322256,-0.28322256,-1.3456461,-1.5536115,0.09421283
TraesNOR1D03G00477090,-0.17435038,-1.4934168,-1.4934165,-3.691535,-5.491059,-0.19942987
TraesNOR7B03G04166450,-8.4638596e-05,0.31987423,0.31987423,0.45615816,0.47393847,-0.09140861
TraesNOR6A03G03296610,-0.23464096,-0.5746404,-0.57464015,-3.092846,-5.3729763,-0.8353447
TraesNOR4A03G02234280,-0.3445685,-0.73206747,-0.73206747,-2.6732972,-0.5461186,0.03652072
TraesNOR6D03G03727540,-0.0019555092,0.20299435,0.20299435,-0.2301811,-0.13763857,-0.26927876
TraesNOR6B03G03565080,-0.12735605,-0.16078722,-0.16078722,-5.33956,-0.9953301,-0.041505218
TraesNOR4A03G02064950,-0.002001524,-0.030791998,-0.030791998,-2.694905,-1.580209,-0.25994718
TraesNOR1B03G00403960,-0.0051453114,0.2517808,0.35378087,-0.20405948,0.115948856,-0.1006881
TraesNOR3B03G01590850,-0.0007292032,0.337552,0.337552,-0.019911408,0.29011935,0.048220575
TraesNOR5D03G03079160,-0.42822635,-0.48701656,-0.48701668,-0.8013967,-1.2102544,-0.45696867
TraesNOR4A03G02118540,-0.008802891,-0.12904727,-0.12904727,-1.6770122,-3.4544272,-0.3498559
TraesNOR2D03G01148670,-9.655952e-06,0.301732,0.301732,-0.16163445,-0.5406327,0.030069053
TraesNOR6D03G03682920,-0.0005811453,-0.030683756,-0.030683756,-0.3267107,-0.551939,-0.24559593
TraesNOR2B03G01087490,-0.020742774,-0.035112143,-0.035112143,-3.6782498,-6.2034564,-0.3971076
TraesNOR1D03G00505340,-0.0013266802,-0.1154145,-0.1154145,-1.3692515,-0.6528778,-0.07187247
TraesNOR7B03G04217210,-0.00017392635,0.19127536,0.19127536,0.23816216,0.13861924,-0.029408336
TraesNOR2A03G00774170,-0.31857502,-0.7747034,-0.7747034,-1.2521551,-0.9484917,-0.21545804
TraesNOR2A03G00775150,-0.8007823,-0.9017962,-0.9017962,-6.2762437,-14.271814,-0.56589067
TraesNOR7A03G03851250,-0.0015513897,0.35100466,0.35100472,-0.87744784,-1.3148947,-0.10918939
TraesNOR2B03G00970870,-0.0032488108,-0.4046955,-0.4046955,-2.6530373,-2.7195926,-0.07135737
TraesNOR7D03G04447560,-0.017798781,-0.106849074,-0.106849074,-0.27318013,-0.44230807,0.101231754
TraesNOR5B03G03004980,-0.04185474,0.076212764,0.076212764,-0.30418754,0.09041679,-0.19384146
TraesNOR5B03G03021650,-0.7294929,-0.8802097,-0.88020957,-19.118307,-31.60146,-2.5352645
TraesNOR1D03G00516230,-0.19425333,-2.3287795,-2.3287795,-31.459743,-39.086693,-3.2747154
TraesNOR5B03G03024190,-0.004869461,-0.27911544,-0.27911556,-1.768817,-1.3844838,0.0061112046
TraesNOR3D03G01879210,-0.002307415,-1.9895232,-1.9895227,-14.259859,-14.125721,-0.35689926
TraesNOR2D03G01134860,-0.02436769,0.40412676,0.40412676,-2.9971266,0.20764446,-0.56169665
TraesNOR2B03G01009410,-0.00089251995,0.41947,0.41947,-6.6569157,-6.970696,-0.5514238
TraesNOR2D03G01235770,-0.46229422,-1.4823363,-1.482336,-1.7202806,-1.7432437,-0.068694234
TraesNOR1D03G00449040,-5.221367e-05,-0.1259836,-0.047751904,-0.6734865,-0.89350235,-0.0733614
TraesNOR2B03G01057980,-0.6579895,-0.8618306,-0.8618307,-0.20761037,-0.88527954,-0.681304
TraesNOR7B03G04121230,-3.1352043e-05,0.041382432,0.041382432,-1.3881948,-1.1757085,-0.104671836
TraesNOR6D03G03835830,-0.22085297,-0.20310724,-0.20310724,-1.5734937,-3.1572886,-0.35959733
TraesNOR1D03G00506270,-0.00024306774,-0.24547243,-0.24547243,-0.54363084,-0.6363553,0.18549019
TraesNOR1B03G00407550,-0.00018024445,-0.17568362,-0.20442033,-0.6046324,-0.1621331,-0.24832559
TraesNOR5D03G03202650,-0.36006165,-0.63575506,-0.63575506,-0.28737235,-0.46203268,-0.26518834
TraesNOR5D03G03220550,-0.0031615496,0.10671806,0.10671818,-0.23161113,-0.582556,-0.02681017
TraesNOR3D03G01978050,-0.00090646744,0.01813978,0.01813978,0.1681785,0.08647847,-0.26121604
TraesNOR3D03G01850120,-3.4570694e-06,0.20521724,0.20521724,-0.718686,-1.1827705,0.015997648
TraesNOR4D03G02532430,-4.374981e-05,-0.021986723,-0.021986723,-1.1451113,-1.031657,0.07509315
TraesNOR7D03G04524460,-0.034332395,-0.480608,-0.480608,-17.654018,-17.267218,-0.9594934
TraesNOR3A03G01376860,-0.16470611,-0.123595,-0.12359488,-0.24330163,-0.5749059,-0.2126056
TraesNOR6B03G03529900,-3.9935112e-05,-0.23466492,-0.23266852,-0.5755485,-0.5585302,-0.109897375
TraesNOR6A03G03362230,-0.0026528835,-0.1598953,-0.1598953,0.08221501,0.0777902,-0.29104424
TraesNORUn03G04687290,-0.06354594,-0.092038155,-0.092038155,-31.11409,-35.738934,-7.7291126
TraesNOR6D03G03696010,-0.008277535,0.28014863,0.3823834,-0.2567891,-0.5485592,-0.26134992
TraesNOR2B03G00925260,-0.13486803,-0.27229655,-0.27229655,-2.3055654,-0.9207033,-0.29853594
TraesNOR4D03G02555500,-0.10193503,0.07468152,0.07468152,-0.60650325,-0.511304,-0.100097775
TraesNOR4B03G02380770,-0.60898125,-2.3203738,-2.320373,-129.47379,-47.28132,-5.658285
TraesNOR4D03G02552140,-0.06884909,-0.39168584,-0.39168584,-22.995811,-9.98058,-0.99980104
TraesNOR1B03G00391450,-0.055107832,-0.21169484,-0.21169484,-1.0418994,-1.3401852,-0.3414867
TraesNOR4B03G02272500,-0.1726613,-0.28160036,-0.28160048,0.05166912,-0.12644696,-0.39450836
TraesNOR7D03G04389750,-2.69413e-05,-0.00016224384,-0.00016224384,-1.8014731,0.0033605695,0.028834343
TraesNOR6B03G03497400,-0.012211204,-0.037321568,-0.037321568,-2.5756257,-0.18503249,-0.12268174
TraesNOR6D03G03778230,0.0,0.48366857,0.4836685,0.36707717,0.51113963,-0.043947577
TraesNOR1D03G00489470,-0.067839384,-0.0171386,-0.0171386,-0.32371628,-0.7673522,-0.17943227
TraesNOR5D03G03061280,-0.00079894066,0.38556075,-0.14352453,0.4053808,0.5661348,-0.1414088
TraesNOR2A03G00640960,-0.5786762,-0.6370673,-0.63706744,-0.64675343,-1.1970067,-1.7413945
TraesNOR4D03G02477170,-0.0021035671,0.19457603,0.19457603,-0.7749537,-0.58654714,0.012386084
TraesNOR3D03G01958080,-0.105149984,-0.6920618,-0.6920618,-1.6149011,-0.5464562,0.052972794
TraesNOR5A03G02627880,-0.004305482,0.01659739,0.01659739,-3.2380967,-1.8646684,-0.05210018
TraesNOR6A03G03266240,-0.072077274,0.15716553,0.15716553,-3.7738008,-4.5067363,-0.91094565
TraesNOR5B03G02932080,-0.0065180063,-0.21693802,-0.2169379,-0.42325056,-1.1131284,-0.34139884
TraesNOR1D03G00484040,-0.1334796,-0.09750676,-0.09750676,-0.56211984,-0.5931941,0.089845896
TraesNOR6A03G03375470,-7.033348e-06,0.09059006,0.09059006,-0.17202759,-0.2325722,-0.025323033
TraesNOR1B03G00374780,-0.32209063,-0.626562,-0.626562,-7.0877676,-4.3831224,0.096220255
TraesNOR5D03G03233300,-8.416176e-05,-0.114671946,-0.114671946,-3.1490536,-2.083968,-0.24111915
TraesNOR2D03G01288460,-0.00019311905,0.32391918,0.32391918,-0.37851477,-0.5664573,-0.103336096
TraesNOR6D03G03791550,-0.00025355816,0.20706618,0.36142957,0.5097992,0.18562204,-0.2897687
TraesNOR2D03G01218560,-6.556511e-06,0.4114715,0.41147143,0.24846023,0.32091105,-0.07701528
TraesNOR3D03G01955050,-0.19071925,-0.55052316,-0.55052316,-1.7091887,-3.92948,-0.58729875
TraesNOR7A03G03922660,-2.026558e-06,0.12920064,0.12920064,-1.6979349,-1.8813901,-0.086091876
TraesNOR1B03G00187030,-0.00030863285,0.12594974,0.12594974,-0.11168182,-0.22675931,-0.049217105
TraesNOR4D03G02535790,-0.14450121,-0.3122182,-0.3122182,-0.71754766,-2.5064044,-0.06141746
TraesNOR1B03G00385700,-0.003923893,0.09798765,0.09798765,-0.3796475,-0.32409382,-0.033125162
TraesNOR4A03G02064880,-0.00048935413,-0.21611476,-0.21611488,-1.6465664,-1.0116117,-0.43406367
TraesNOR6A03G03436570,-0.19305432,-0.7033875,-0.7033875,0.012214363,-0.1562872,-0.29254222
TraesNOR4A03G02040970,-0.4307046,-0.30546224,-0.305462,0.18755925,0.04574144,-0.17866075
TraesNOR1D03G00506470,0.0,-0.41484487,-0.41484487,-2.5342646,-1.970969,-0.07949698
TraesNOR1B03G00232920,-0.12782836,-0.66544056,-0.66544056,-0.72145987,-0.5919341,-0.044124722
TraesNOR1D03G00496400,-0.0009070635,0.12475276,0.12475276,-0.53749204,-0.45815575,0.02898854
TraesNOR4D03G02561270,-0.004363179,-0.8453212,-0.8453212,-23.279604,-23.284082,-0.5554818
TraesNOR5D03G03136570,-0.0001001358,0.17009872,0.17009878,-2.8190837,-2.1584194,-0.13696909
TraesNOR5B03G03048450,-0.31890047,-0.41371787,-0.41371775,-4.9147925,-4.5010757,0.015675962
TraesNOR3B03G01765040,-0.742429,-0.8973172,-0.2089572,-0.25498807,-0.42608643,0.37856406
TraesNOR1B03G00392670,-0.12145579,0.29315406,0.29315412,-4.925276,-3.474854,0.11296672
TraesNOR5B03G03022240,-0.2795682,0.017326772,0.017326653,-2.8722067,-2.4035904,0.047855854
TraesNOR3D03G01961820,-0.28159678,-0.30641806,-0.30641806,-1.1475344,-1.6306365,-0.14023018
TraesNOR2A03G00708750,-0.6667756,-0.68659234,-0.68659234,-10.26884,-2.0447063,-0.73700666
TraesNOR6A03G03389080,-0.00038909912,-0.02658689,-0.02658701,0.05392325,0.11295366,-0.05506754
TraesNOR6A03G03407310,-0.0022351742,-0.2346443,-0.2346443,-0.37395346,-1.2746599,-0.041807532
TraesNOR6A03G03318210,-0.00087821484,-0.10182822,-0.1018281,-1.6708982,-0.9034661,-0.014858007
TraesNOR6A03G03339530,-0.08590543,0.15320396,0.15320408,-3.327537,-0.6544529,-0.060298443
TraesNOR6D03G03726510,-0.3544668,-0.52388394,-0.52388394,-3.018775,-4.213662,-0.5108813
TraesNOR7A03G03936780,-0.3216821,-0.13767552,-0.13767552,0.50649214,0.5171808,-1.0237281
TraesNOR7D03G04418670,-0.044282198,-16.94427,-16.94427,-3.3719444,-1.8094192,-6.4323378
TraesNOR3D03G01850870,-8.916855e-05,0.10413426,0.1041342,-0.22265363,-0.006819129,0.011054516
TraesNOR5D03G03214180,-0.63061035,-0.65387464,-0.6538743,0.038570404,-0.11773312,-1.4957476
TraesNORUn03G04571640,-0.37118423,-0.40781152,-0.40781128,-0.4796157,-0.6928636,-0.8509954
TraesNOR3A03G01353690,-0.2222017,-0.092906475,-0.092906475,0.21469843,0.10320413,-0.09831464
TraesNOR4D03G02544390,-0.35602486,-0.25330544,-0.25330544,-7.920293,-18.108421,-0.63542295
TraesNOR1B03G00320450,-0.54594016,-0.74838686,-0.80757236,-2.9522352,-2.9733648,-0.28976464
TraesNOR6D03G03834650,-0.0016584396,-0.12515926,-0.12515926,-1.55006,-0.54703236,0.17967033
TraesNOR1D03G00412110,-0.34605265,-1.6224582,-1.6224582,-29.811207,-25.526348,-1.614573
TraesNOR4A03G02033580,-0.38885152,-1.2651947,-1.2651949,-0.9001291,-1.8718445,-1.5761569
TraesNOR1B03G00288540,-0.002709508,0.2758485,0.00030219555,-0.21487284,-0.15851891,-0.03818977
TraesNOR5B03G03035030,-0.0052251816,-0.024312139,-0.024312139,-0.66201854,-0.82919264,0.10229164
TraesNOR3B03G01611300,-2.7418137e-06,0.26771224,0.26771224,-0.06613898,-0.62183857,0.028312862
TraesNOR2B03G00974770,-2.169609e-05,0.08923662,0.08923674,-2.5906932,-4.234015,-0.08673978
TraesNOR7D03G04537310,-0.5307511,-0.8783978,-0.87839794,0.12551981,0.08331466,-3.778501
TraesNOR5D03G03254930,-0.0015127659,-0.028877378,-0.028877378,-0.7304324,-1.0036507,-0.13202012
TraesNOR5D03G03196200,-0.00037825108,0.18943691,0.14743584,-0.17942238,-0.9505037,-0.03934729
TraesNOR4D03G02512620,-0.00018036366,-0.20547783,-0.20547783,-0.9481373,-0.3812456,-0.0748868
TraesNOR4D03G02489530,-0.06807768,-0.15283203,-0.15283203,-11.916848,-8.778334,-0.17766964
TraesNOR1A03G00166190,-0.009867191,0.18860745,0.18860745,-0.5496764,-1.6948905,0.28564525
TraesNOR7B03G04096500,-0.8336911,-0.8472079,-0.8472079,-0.2504865,-0.50425947,-2.7378032
TraesNOR2D03G01233650,-0.0025684834,-0.085668325,-0.085668564,-1.5004392,-1.5802209,-0.058571935
TraesNOR3D03G01916160,-0.0016071796,0.20019251,0.20019239,-0.29487872,-0.8033297,-0.27482522
TraesNOR6B03G03606600,-0.22591877,-0.2733518,-0.2733518,-1.4508493,-1.1916125,-0.031966448
TraesNOR3D03G01846620,-9.536743e-07,-0.06597948,-0.20385587,-0.29519272,0.06257957,-0.243312
TraesNOR1B03G00225440,-0.012710094,0.079934835,0.079934835,-0.022580981,-0.46432853,-0.29061627
TraesNOR2A03G00803350,-0.19407952,0.23855644,0.23855627,0.6042812,0.23602629,0.06933504
TraesNOR1D03G00454980,-5.6147575e-05,0.25687826,0.25687826,-0.13745499,-0.16486847,0.0383752
TraesNOR5A03G02761740,-0.41778374,-0.55249965,-0.55249965,-3.0362873,-1.5024283,-1.8431063
TraesNOR5D03G03189830,-0.62760305,-0.70791185,-0.70791197,-0.8204901,-0.8969598,-0.39511764
TraesNOR4A03G02168790,-2.18153e-05,0.119336605,0.119336605,-0.11144936,0.0112499,-0.10418117
TraesNOR5A03G02775750,-0.00034821033,-0.1970619,-0.35633135,-0.31029034,-0.05439651,-0.36231232
TraesNOR4D03G02495340,-0.18158817,-0.76349497,-0.76349485,-41.27506,-66.41571,-0.832634
TraesNOR2D03G01163130,-0.010561228,0.18721986,0.1872198,-0.19493496,-0.36182606,-0.120562434
TraesNORUn03G04579300,-0.0027809143,-0.057724595,-0.057724595,-0.6398498,-1.0487947,-0.08983517
TraesNOR6A03G03280380,-0.14854097,-0.18335164,-0.18335152,-4.294369,-3.500834,-0.15167844
TraesNOR6D03G03809340,-0.14310336,-0.16784883,-0.16784883,-1.5457103,-1.6734996,-0.28530836
TraesNOR5A03G02808940,-0.046025872,0.14619613,0.14619613,0.14454436,0.40908724,-0.054141402
TraesNOR7A03G04013890,-0.15374863,0.06927794,0.06927794,-1.0036783,-1.4229307,0.14456129
TraesNOR1D03G00481140,-0.0074973106,-0.16761076,-0.16761076,-0.3212062,-0.4364103,-0.24126267
TraesNOR7B03G04306210,-0.0008728504,-0.24371564,-0.24371564,-1.6173849,-0.95523536,-0.14486265
TraesNOR7D03G04394950,-0.0010359287,0.083520055,0.083520055,-0.5340375,-0.6405387,0.066490114
TraesNOR6A03G03275550,-7.18832e-05,0.079692125,0.079692245,-0.53050864,-0.68116796,-0.022596955
TraesNOR7A03G03904230,-0.026991487,-0.06076002,-0.06076002,-3.7255669,-0.3878914,0.036328077
TraesNOR4D03G02513800,-0.08604157,-0.35862148,-0.35862148,-0.5169009,-1.9077282,0.068782985
TraesNOR3A03G01455290,-0.47589278,-0.39957118,-0.39957118,0.6143766,0.5866535,-1.4036093
TraesNOR1A03G00082680,-0.16276968,0.39418584,0.39418584,-0.7389902,-0.61586845,-0.019151092
TraesNOR7D03G04374670,-0.09644151,-0.3091333,-0.3091333,-14.4321785,-1.0489588,-5.0163918
TraesNOR5D03G03128080,-3.874302e-05,-0.020896554,-0.117195725,-1.7816117,-0.23239076,-0.015016437
TraesNOR6D03G03828530,-0.014598608,0.11806929,-0.7272605,-1.4473095,-0.50244796,-0.17117763
TraesNOR5A03G02792940,-0.00119102,-0.011141419,0.028594196,-2.0747383,-1.3467641,0.13724655
TraesNOR1A03G00009270,-0.0010830164,0.48045546,0.48045546,0.021732688,-0.22613609,-0.710909
TraesNOR5D03G03235570,-0.060325027,0.29676282,0.29676288,0.32844698,0.23096764,-0.34566855
TraesNOR1D03G00565840,-0.62805843,-0.81294775,-0.81294787,0.30371457,0.21992946,0.16328257
TraesNOR4B03G02405810,-0.522745,-0.6696869,-0.66968715,-0.26126635,0.15200609,-0.82103014
TraesNOR6A03G03447120,-0.0010119677,0.19705015,0.1970501,-0.23048413,-1.9672344,-0.3135494
TraesNOR7D03G04487980,-0.00020563602,-0.05247116,-0.05247128,-0.7435149,-0.5585507,-0.033379555
TraesNOR4B03G02371100,-0.00011897087,0.31166595,0.31166595,-1.1848032,-0.88839114,-0.15551567
TraesNOR1B03G00244310,-0.14664745,-0.110631466,-0.110631585,-0.27899647,-0.77512085,-1.0002964
TraesNOR6D03G03807270,-0.62293136,-0.7445946,-0.7445946,-9.116201,-9.964808,-0.27584195
TraesNOR1D03G00440140,-0.3840983,-1.1192484,-1.1192484,-0.51090825,0.058620393,-0.31122196
TraesNOR3D03G01972690,-0.08211315,0.09051347,0.09051347,-0.12137842,-0.01552701,-0.11515474
TraesNOR1A03G00085070,-0.5576093,-0.57777,-0.57777,-1.883224,-1.8597894,-1.7219179
TraesNOR5D03G03071530,-0.017542243,-0.22786295,-0.22786295,-4.951132,-6.76345,-0.02897358
TraesNOR7D03G04365570,-0.0019536018,0.0368883,0.0368883,-1.2630796,-0.15903997,-0.34623325
TraesNOR2B03G00933050,-0.411013,-1.0104771,-1.0104771,-3.4598055,-0.5202981,-0.07875335
TraesNOR5A03G02775550,-0.30185473,-0.63986516,-0.63986516,-9.550505,-7.8941317,-0.15907395
TraesNOR1A03G00028650,-0.3373263,-0.84973943,-0.84973943,-2.9172924,-4.2457,-0.6378795
TraesNOR5B03G02954120,-0.35441768,-0.40206194,-0.40206206,-2.7909455,-3.516449,-1.7642727
TraesNOR6B03G03541320,-0.16561973,-0.42916846,-0.42916846,-2.2951224,-1.4141774,0.098991394
TraesNOR3D03G01958940,-0.02041018,-0.24315286,-0.24315286,-1.0747168,-0.7084497,0.101991236
TraesNOR6A03G03272400,-0.00085020065,0.048795223,0.048795223,-0.5626521,-0.86097765,-0.10719168
TraesNOR1D03G00582660,-0.101490736,-0.69414055,-0.69414055,-40.604225,-17.435513,-2.4774907
TraesNOR5D03G03121190,-0.0032223463,-0.35446894,-0.35446906,-0.25856578,-0.4025432,-0.2017864
TraesNOR1D03G00512880,-0.17940629,-0.43843377,-0.43843377,-0.6283442,-1.6425927,0.10829854
TraesNOR2D03G01297800,-0.5214921,-0.49848032,-0.49848032,-4.1385927,-0.82439196,-0.5326166
TraesNOR5D03G03225400,-0.00052928925,0.17146212,-0.030171633,0.3682217,0.25218797,-0.0245502
TraesNOR6B03G03626610,-0.6242286,-0.8296534,-0.89116883,-2.4463563,-1.8178718,-1.9555137
TraesNOR6A03G03267240,-0.015491843,-0.022937417,-0.022937417,-0.9211726,-0.5999594,-0.01900959
TraesNOR7D03G04365060,-3.385544e-05,0.17603177,0.17603189,-2.0317085,-2.1951396,-0.06397021
TraesNOR5B03G02859860,-0.008215666,0.3578028,0.3578028,-0.47239757,-2.0869446,-0.7152685
TraesNOR1B03G00358800,-0.0001386404,0.25634903,0.25634903,-0.55535245,-1.3276844,-0.012369871
TraesNOR3D03G01985890,-0.7872677,-0.9000144,-0.90001464,0.095398545,0.16962928,0.027639568
TraesNOR4A03G02139950,-3.695488e-05,-0.020649433,-0.020649433,-0.84974635,-1.2844803,0.0049087405
TraesNOR2D03G01216860,-0.12873936,-0.28073764,-0.28073764,-0.12800193,-0.31736648,-0.5922036
TraesNOR3A03G01485370,-0.0015838146,-0.11257458,-0.5479909,-0.050436497,-0.24494112,-0.14091599
TraesNOR5B03G03016360,-0.19324613,-0.58335304,-0.5833529,-9.122964,-7.181488,-0.3574108
TraesNOR4D03G02475020,-0.015587211,0.13158244,0.13158244,-0.24268961,0.08091146,-0.20007586
TraesNOR2D03G01291970,-5.4717064e-05,-0.38180375,-0.38180375,-0.70980334,-0.862501,-0.31928658
TraesNOR2A03G00713510,-0.09342301,-0.08075225,-0.08075225,0.16905242,0.55611897,-1.7097974
TraesNOR1A03G00037620,-0.0024410486,-0.030793548,-0.030793548,0.0032784939,-0.020491004,-0.073759794
TraesNOR6D03G03809990,-0.0076515675,-0.7534249,-0.7534249,-2.095595,-0.533481,-0.15596783
TraesNOR7D03G04389740,-0.13855565,-0.8868108,-0.8868109,-16.386608,-14.607508,-1.1705599
TraesNOR5A03G02675420,-7.033348e-05,0.07237458,0.07237458,-0.5663258,-1.2050405,-0.024772286
TraesNOR4D03G02537620,-0.07427287,0.2521121,0.2521121,-0.6688566,0.3099606,-0.5870329
TraesNOR3D03G01887630,-0.00040268898,-0.19870532,-0.19870532,-0.60816205,-0.35969615,-0.43166423
TraesNOR7D03G04531390,-0.11259663,-0.23060572,-0.23060572,-0.08781052,-0.11406183,-0.11971092
TraesNOR5D03G03134410,-0.057385802,-1.1083179,-1.1083179,-4.812987,-2.1895952,-0.8265724
TraesNOR1A03G00070550,-0.12188578,-0.8005583,-0.8005583,-1.3559391,-0.36176527,-1.9444811
TraesNOR1A03G00169470,-0.27583683,-0.30654752,-0.30654752,-0.65987194,-0.2582395,-0.60736537
TraesNOR7D03G04513510,-0.023978949,-0.1076982,-0.1076982,-1.2718954,-4.04462,-0.27179778
TraesNOR7A03G03867620,-0.01854825,0.13255036,0.13255036,0.105535686,0.30927634,0.0010710359
TraesNOR4A03G02180570,-0.09175134,-0.70004,-0.70004,-6.1770396,-7.0455647,-0.38814282
TraesNOR5A03G02584550,-0.03820777,0.103949785,0.103949785,-0.5664661,-0.1348499,-0.5667914
TraesNOR6A03G03397970,-0.23939312,-0.25792623,-0.2579261,-0.064130545,-0.31669247,-0.7854719
TraesNOR7D03G04364190,-0.18049932,-0.2673185,-0.1854732,0.08273816,0.12747347,-0.15516853
TraesNOR5D03G03207040,-0.5343467,-0.6989683,-0.69896805,0.52121377,0.36323303,-1.2877772
TraesNOR5B03G03030730,-5.4836273e-05,0.3375458,0.33754575,0.37320817,0.44885826,-0.098560095
TraesNOR5B03G02907660,-0.082307935,-0.16935217,-0.1693523,-0.44164264,-1.9458342,-0.20216298
TraesNORUn03G04593500,-0.44860518,-1.0241659,-1.0241659,-17.371058,-25.723497,-2.8773239
TraesNOR2A03G00768230,-0.006963253,0.10043979,0.10043979,-3.282848,-5.163992,-0.66880286
TraesNOR1D03G00499540,-0.0226264,-0.13355458,-0.13355458,-1.4413285,-2.483384,-0.2391702
TraesNOR7B03G04129790,-0.21276188,-0.19209397,-0.19209397,-14.670789,-6.5588045,-3.759457
TraesNOR2A03G00637440,-2.8967857e-05,0.06712043,0.06712031,-0.13623488,-0.3616891,-0.07951081
TraesNOR7D03G04457290,-0.40928185,-0.8598621,-0.8598622,-2.8973706,0.030913293,-11.527673
TraesNOR7D03G04452130,-0.0013101101,0.23149306,0.23149312,-1.509798,-3.7713456,-2.0027711
TraesNOR6A03G03286020,-0.041746616,-0.060681105,-0.060681105,-0.16424406,0.038618863,-0.2881385
TraesNOR7A03G04038410,-1.1920929e-07,-0.07042968,-0.07042968,-1.3495171,-1.328027,-0.14045131
TraesNOR6D03G03821310,-0.08240926,0.13501132,0.13501132,-0.8450234,-1.9614308,-0.6988064
TraesNOR7D03G04379920,-0.00452888,0.35776603,0.35776603,-0.5155773,-0.053506613,0.08908516
TraesNOR5B03G03009050,-0.04139018,-0.35517395,-0.35517395,-2.0797005,-2.7990186,-0.33599937
TraesNOR2B03G00833060,-0.004748106,-0.61873734,-0.61873734,-0.36529887,-0.36026824,-0.45518136
TraesNOR1D03G00481300,-0.6572932,-0.60556483,-0.60556483,-16.775394,-0.6643156,-1.3028591
TraesNOR3B03G01579190,-0.032619,-0.012955666,-0.012955666,-1.0645995,0.009221852,-0.21037078
TraesNORUn03G04755820,-0.011596322,0.03205502,0.03205502,-0.33387315,-0.6097573,-0.07021499
TraesNOR7D03G04442840,-0.0105654,-0.039627194,-0.039627314,0.0005147457,-0.2017585,-0.11502218
TraesNOR2B03G00898950,-0.15608203,-0.5483484,-0.5483484,-1.5259371,-0.5158936,0.003774345
TraesNOR5B03G02813210,-0.007383585,-1.0989463,-1.0989463,-0.48121166,-0.18340874,-1.1844311
TraesNOR2D03G01150500,-0.000254035,-0.36474013,-0.27983987,-3.013101,-2.2474885,-0.18985987
TraesNOR6A03G03270410,-0.018238068,0.21683884,0.21683878,-0.70697033,-0.16842604,-0.89880097
TraesNOR3D03G01942790,-0.3370496,-0.26768768,-0.26768768,-1.3319573,-2.6769605,-1.3002753
TraesNOR4D03G02569450,-0.2754315,-0.447711,-0.447711,0.09051359,0.25153047,-0.6633179
TraesNORUn03G04624350,-0.0015480518,0.17941743,0.17941749,-0.28135622,0.029813051,0.15778089
TraesNOR3D03G01848450,-0.07383847,-0.1583029,-0.1583029,0.15891206,-0.24255526,0.0033999681
TraesNOR3D03G01946780,-0.038870096,-0.45490777,-0.45490813,-23.883005,-22.38121,-0.087340355
TraesNOR5B03G02950590,-0.083293796,-0.15541542,-0.15541542,-0.27386808,-0.049438715,-0.0286479
TraesNOR7B03G04099460,-3.7431717e-05,0.010141909,0.010141909,-2.247317,-0.66963625,0.09130478
TraesNOR5B03G02904270,-0.11276007,0.20055705,0.20055705,-1.0862432,-1.6982305,-0.018760085
TraesNOR7B03G04125540,-0.66051495,-1.4033198,-1.4033198,-3.3573375,-2.1375282,0.08956659
TraesNOR2B03G01041610,-0.62232995,-0.6469263,-0.6469263,-6.115552,-4.413333,-0.581874
TraesNOR7A03G03900190,-0.10519314,0.4385777,0.4385777,-5.9479113,-5.0994844,-1.0422795
TraesNOR7D03G04399370,-0.19137275,0.04485011,0.04485011,-1.224441,-1.2650106,-0.167768
TraesNOR1B03G00237580,-0.019752383,0.12643218,0.12643218,-2.2726994,-0.2352711,-0.5031544
TraesNOR3B03G01727480,-0.45692253,-0.5794891,-0.5794891,0.010816395,0.03714502,0.03577733
TraesNOR2B03G01093400,-9.787083e-05,-0.2282319,-0.22823203,-1.082696,-0.56838095,-0.058525205
TraesNOR6B03G03490150,-0.0011829138,0.030629873,0.030629992,-0.070738554,-0.17361677,-0.06376779
TraesNOR7A03G03982900,-5.5909157e-05,-0.23021507,-0.23021507,-0.15014338,-0.32944787,-0.051937938
TraesNOR3B03G01619040,-0.058463454,0.050438106,0.050437927,-8.091917,-7.8708773,-0.34703183
TraesNORUn03G04763920,-0.013053775,0.0066327453,0.006632805,-1.5491712,-0.2517873,-1.338002
TraesNOR3D03G01845170,-0.0016151667,0.10841262,0.10841274,0.41668105,0.3557471,-0.04578221
TraesNORUn03G04626230,-0.094751,-0.19683194,-0.19683194,-0.6698985,-1.0242486,-0.1804291
TraesNOR5A03G02700060,-0.0022553205,0.15560716,0.15560704,0.05384195,0.14434993,-0.18798184
TraesNOR7B03G04126760,-0.0013313293,-0.09893441,-0.09893441,-2.0129364,-1.4765227,-0.12630832
TraesNOR7A03G03938660,-0.32506526,-0.13743758,-0.13743782,-0.3222834,-0.21550667,-1.3293655
TraesNOR3D03G01885030,-0.021116376,0.16847038,0.16847026,-8.099704,-0.4284655,-0.77641153
TraesNOR7B03G04092090,-0.0012383461,-0.14945579,-0.14945579,-1.3370562,-1.4883277,-0.04459536
TraesNOR2D03G01115280,-3.695488e-06,0.25139606,-0.15818346,-0.26118147,0.34223008,-0.7037444
TraesNOR5D03G03149040,-0.0016214848,0.20041156,0.20041156,0.16737211,-0.02407515,-0.23336184
TraesNOR5B03G02919340,-0.0007368326,-0.20958292,-0.20958292,-2.2972229,-1.7188134,-0.78803015
TraesNOR3B03G01598190,-0.21473956,-0.23935151,-0.23935151,-1.5094666,-0.48182964,0.08335608
TraesNOR3D03G01827750,-0.0503155,-0.18994951,-0.18994951,-3.6344628,-3.7510157,-2.2270021
TraesNOR2D03G01314630,-0.12182462,-0.023023605,-0.023023605,-1.8299363,-3.073135,-0.49409497
TraesNOR3A03G01399970,-0.009407759,-0.25701225,-0.25701237,-1.6619678,-0.13588536,-0.16397
TraesNOR3D03G01931810,-0.49254525,-0.62781084,-0.62781096,0.30731034,0.083957076,-0.5416182
TraesNOR3D03G01839370,-0.093462825,-0.049929976,-0.049929976,-1.7410169,-3.1906643,-0.8967861
TraesNOR6D03G03762980,-0.16146421,-1.1154456,-1.1154454,0.0171448,-0.4737494,-1.4843082
TraesNOR6D03G03797430,-0.32412982,-0.028713107,-0.028712988,-0.24763489,0.08957183,-0.66623867
TraesNOR7D03G04455970,-0.029810071,-0.24207366,-0.24207366,-17.476467,-14.386176,-0.3818543
TraesNORUn03G04782080,-0.48769712,-1.7059546,-1.7059546,-4.54198,-4.526643,-3.3668742
TraesNOR1B03G00307660,-0.0010335445,0.18761063,0.18761063,-0.051217437,0.49103874,0.070700884
TraesNOR2B03G00855420,-0.0003026724,0.10089511,0.10089511,-0.2850517,0.032541335,-0.20846462
TraesNOR1D03G00525700,-0.044817924,-0.32892668,-0.32892668,-0.06374836,-0.25485528,-0.31574917
TraesNOR2A03G00732470,-0.85171723,-1.1553073,-1.1553068,-5.9162335,-6.179587,-1.761842
TraesNOR7D03G04421440,-0.54948366,-1.1336026,-1.2218454,-5.2257695,-4.251986,-2.301134
TraesNOR6B03G03494900,-5.841255e-06,-0.0758971,-0.0758971,-1.9158823,-1.3911281,-0.35308588
TraesNOR4B03G02248010,-0.00040602684,-0.24388218,-0.5231099,-0.6251162,0.23625141,-0.27667618
TraesNOR3B03G01614040,-0.68271005,-0.8234507,-0.8234507,-0.006333947,0.4029333,-1.2617936
TraesNOR2B03G00856340,-0.004500985,-0.17327654,-0.17327654,0.009570897,-0.43665826,-0.21375775
TraesNOR6D03G03806530,-0.0030261278,0.2085036,0.20850354,0.476157,0.4429155,0.032315373
TraesNOR6B03G03561270,-0.11988509,0.12040824,0.12040824,0.17820889,0.26370257,-0.14588869
TraesNOR2A03G00738910,-0.14163029,-0.6731014,-0.6731014,-0.6155764,-1.6174579,-0.037203908
TraesNOR6D03G03796250,-0.008057952,-0.45439875,-0.45439875,-2.4543135,-1.2538338,0.05174458
TraesNOR3D03G01846490,-0.11905503,0.47282612,0.472826,-0.86073947,-1.934943,-0.91839314
TraesNOR6B03G03507860,-0.00065875053,0.4026215,0.4026215,0.4935453,0.53327656,-0.049201846
TraesNOR4A03G02163840,-0.14549243,-0.21654809,-0.21654809,-0.023510933,-0.45809352,-0.16425991
TraesNORUn03G04756730,-0.000854373,0.2017451,0.20174503,-0.28063154,-0.7251046,-0.06764507
TraesNOR1D03G00542880,-0.0038784742,-0.9818256,-0.9818256,-45.70324,-11.176757,-5.528548
TraesNOR5D03G03145660,-5.9485435e-05,0.04237759,0.04237759,-0.11276662,-0.4175024,0.09173781
TraesNOR6D03G03685050,-0.3539616,-0.115217924,-0.11521804,0.16510725,-0.17882156,-0.45668244
TraesNOR5B03G03046790,-0.09881699,-0.07689309,-0.07689309,-4.9502645,-3.3428235,-0.79637885
TraesNOR6D03G03792070,-0.0004440546,-0.14840353,-0.14840353,-2.2644846,-1.1851163,-0.337875
TraesNOR4D03G02553510,-0.019398808,-0.37583804,-0.37583804,-0.49236202,-0.22398472,-0.43346453
TraesNOR6B03G03596030,-0.0006117821,-0.09977245,-0.09977245,0.5496091,0.71659666,-0.16320348
TraesNOR6B03G03501850,-0.28838253,-0.86744034,-0.86744034,-14.982109,-10.638551,-0.124274015
TraesNOR7D03G04422450,-0.1226989,-0.91645956,-0.91645956,-11.772248,-15.666737,-1.2954876
TraesNOR7D03G04447470,-0.00010895729,-0.32330275,-0.32330275,-0.09811878,-0.30350137,-0.481372
TraesNOR6B03G03501610,-0.012503266,0.14635009,0.14635009,0.050536335,-0.1320051,-0.2749542
TraesNOR1D03G00529000,-0.06627822,-0.25562835,-0.25562835,-0.6328747,-0.7092773,-0.41030502
TraesNOR5A03G02742660,-0.40827787,-0.34108317,-0.34108305,-6.530982,-7.7757215,-0.20008683
TraesNOR3D03G01837150,-0.0064082146,0.24048406,0.24048406,0.17101812,0.4255317,-0.0903039
TraesNOR2B03G01036930,-0.16347408,-0.28821635,-0.28821635,-5.9513116,-0.49480617,-0.860409
TraesNOR4D03G02512370,-0.0070654154,0.052687705,0.052687705,-0.03296876,-0.43552136,-0.08020997
TraesNOR6A03G03284940,-0.8063154,-0.93515706,-0.93515706,-0.94186723,-0.64443004,-1.8890226
TraesNOR3A03G01530370,-0.3613298,-0.5353105,-0.5353105,-13.838119,-5.8932137,-0.5566765
TraesNOR5B03G02884830,-0.10616076,-0.39809477,-0.39809477,-1.5830922,-1.7227218,-0.15712154
TraesNOR2A03G00743390,-0.008683801,-0.47578645,-0.47578645,-1.1751404,-1.1800184,-0.07611215
TraesNOR7D03G04374680,-0.32706618,-0.055559874,-0.055559754,0.57884127,0.57767934,0.0440917
TraesNOR7B03G04169120,-0.03646779,0.15497297,0.15497291,-5.118385,-6.324137,-0.24287426
TraesNOR5A03G02613080,-0.010200381,0.21085984,0.21085984,-0.19090128,0.21261173,-0.062496424
TraesNOR7A03G03947390,-0.30229032,-1.4307268,-1.3105996,-6.8526587,-6.142896,-1.7897696
TraesNOR1D03G00579920,-0.0016731024,0.051151454,0.22887605,-0.061130643,-0.027450323,0.016075492
TraesNOR7B03G04306970,-0.029090047,-0.13021696,-0.13021696,-1.008836,-1.146013,0.015342176
TraesNOR1B03G00320220,-1.6093254e-05,0.117207885,0.117207944,-2.223058,-1.0914981,-0.08867371
TraesNOR3A03G01431670,-0.04673803,0.04799825,0.04799825,-0.718449,-0.9083574,-1.0626509
TraesNOR7D03G04355460,-0.00012540817,-0.0018478632,-0.0018478632,-2.3382993,0.058039367,0.012992561
TraesNOR5B03G02895140,-0.17717373,0.030558944,0.030558765,-0.13656187,0.17487234,-0.4876715
TraesNOR2A03G00826630,-0.00073981285,0.41850388,0.41850376,0.43204087,0.17367989,-0.36966562
TraesNOR7B03G04319050,-0.0050293207,0.14335424,0.14335424,-0.18905711,-0.14649904,0.021987379
TraesNOR7A03G04047470,-0.04520905,-0.25198233,-0.25198233,-1.799717,-0.89762795,-0.1264571
TraesNOR1D03G00458560,-0.006963134,0.03216052,0.03216052,-0.54862165,-0.29147553,-0.14083982
TraesNOR2A03G00724080,-0.388018,-0.9049808,-0.9049808,0.36484593,0.12700373,-0.012960792
TraesNORUn03G04593780,-0.00089764595,0.015375495,0.015375495,-3.7089767,-2.76887,-0.2699206
TraesNOR2D03G01286210,-0.028611064,0.10081923,0.10081911,-0.23706949,0.11324966,-0.11620057
TraesNOR6D03G03688690,-0.2764821,-0.41067123,-0.41067123,-0.4112053,-0.4875183,-0.30965197
TraesNOR7D03G04528420,-0.19595599,-0.6185758,-0.6185758,-6.3675838,-4.6739507,-0.09527373
TraesNOR2A03G00817400,-0.11083448,-0.30925524,-0.30925524,-3.2183876,-3.268673,-0.6945046
TraesNOR4D03G02432100,-0.024732351,0.2395305,0.23953062,0.2995066,0.48384196,-0.024549127
TraesNOR7A03G03970580,-0.13923824,-0.15985072,-0.15985072,-0.9185047,-5.736842,-0.35880387
TraesNOR5D03G03223890,-0.005133033,-0.04410553,-0.04410553,-4.2732224,0.1964863,-0.19632494
TraesNOR3B03G01619070,-0.004062295,0.21849138,0.21849138,-0.2348324,-0.08322072,-0.03477049
TraesNOR2A03G00731940,-0.002566576,0.011109769,0.011109769,-0.46614504,-1.0168009,-0.76504254
TraesNOR4D03G02453710,-0.00014853477,0.10209626,0.10209626,-1.2991543,-1.99493,-0.14880955
TraesNOR7D03G04467420,-1.9073486e-06,0.3491342,0.3491342,-0.16365027,-0.073519826,-0.37596762
TraesNOR5D03G03190420,-0.00016772747,-0.22273779,-0.22273779,-0.11097407,0.07459259,-0.07420969
TraesNOR4A03G02066410,-0.09594607,-0.24554539,-0.24554539,-10.765529,-2.23741,-0.0006502867
TraesNOR5D03G03136800,-0.051644325,0.32796788,0.32796788,0.09596169,-0.38530552,-0.3899244
TraesNOR2D03G01319390,-0.33346534,-0.3249998,-0.32499993,-1.1117451,-2.1725242,-0.8938862
TraesNOR3D03G01857950,-0.001879096,0.013923407,0.013923407,0.1993472,-0.06956947,-0.099363565
TraesNOR2B03G00989710,-0.21978104,-1.1372857,-1.1372857,-18.975729,-19.80892,0.018991232
TraesNOR5B03G02889020,-0.00037157536,0.2867046,0.28670466,-0.05801916,-0.06738484,-0.17751789
TraesNOR2B03G00925840,-0.24602067,-0.10772157,-0.10772169,-2.1631427,-0.8459984,-0.95077443
TraesNOR4A03G02095660,-0.05427611,-0.08743191,-0.08743191,-3.2341156,-2.19902,-0.19044971
TraesNOR1D03G00512650,-0.0029947758,0.33087003,0.33087003,-0.23003948,-0.33632326,-0.10346329
TraesNOR5D03G03144150,-5.2571297e-05,-0.2570939,-0.2570939,-1.01072,-1.3945892,-0.031581283
TraesNOR6D03G03798260,-0.055604815,0.49425006,0.49425,0.5020629,-0.4216485,0.28004867
TraesNOR5D03G03113150,-0.19169426,-0.6207464,-0.62074625,-3.385697,-2.2879474,-2.4162996
TraesNORUn03G04689470,-0.086701035,0.1727609,0.17276096,-2.539242,-0.94876766,-0.24968386
TraesNOR6D03G03685660,-0.00015068054,0.1654746,0.1654746,-0.068751335,0.14425546,0.06525767
TraesNOR1D03G00450770,-0.00014865398,-0.14986134,-0.14986134,-1.4401,-0.9695066,0.031150818
TraesNOR7B03G04160480,-0.0003837347,-0.03930044,-0.03930044,-2.3650377,-2.2239046,-0.10513008
TraesNOR5D03G03164790,-0.508826,-0.635411,-0.8221574,-3.7377567,-0.5313407,-0.23902571
TraesNOR5D03G03256300,-0.010710001,-0.6772989,-0.6772988,-10.428678,-10.524411,-0.7632921
TraesNOR2B03G01006760,-4.172325e-06,-0.07463336,-0.07463348,-0.0047217607,-0.22952676,-0.01629734
TraesNOR6D03G03743340,-0.004054904,-0.006711006,-0.006711006,-4.5883803,-3.2644997,-0.37153316
TraesNOR6A03G03415370,-0.004391432,0.29004377,0.2900439,-0.1990397,0.44003397,0.23359495
TraesNOR3D03G02017890,-0.024895072,0.033157647,0.033157647,-0.23642516,-0.33606005,-0.99131835
TraesNOR5D03G03224840,-0.24710357,-0.52740884,-0.52740884,-0.4370662,-0.7003162,-0.48118627
TraesNOR7B03G04291320,-0.4118203,-0.8074987,-0.8074987,-0.024737,0.026727796,-0.12434697
TraesNOR4D03G02469710,-0.03716767,-0.16764295,-0.16764295,-3.6295228,-1.3266072,-0.2862208
TraesNOR1B03G00323430,-0.0029182434,-0.0680033,-0.0680033,-3.9789166,-2.5122378,0.05888778
TraesNOR3D03G02014250,-0.3385923,-0.31261396,0.38602966,0.36013597,0.35778898,-0.06272328
TraesNORUn03G04682810,-0.18399918,0.13548154,0.13548154,-0.24790013,-2.0023344,-0.11278832
TraesNOR3D03G01856250,-0.46791184,-0.88873494,-0.88873494,-0.71695995,-0.6291932,-0.67348933
TraesNOR4A03G02162740,-0.03666246,0.1586566,0.1586566,-6.178121,-6.845258,-0.15504968
TraesNOR1B03G00319940,-0.0052238703,-0.0687145,-0.0687145,-1.6747112,-2.3461769,0.06189543
TraesNOR2D03G01282490,-0.00036418438,-0.22416914,-0.22416902,-0.9389411,-0.882355,-0.26715887
TraesNOR5B03G03045110,-0.0003528595,-0.08632541,-0.086325526,-0.78904486,-0.0033017397,-0.13155234
TraesNOR3B03G01764200,-6.7949295e-06,0.0386585,0.0386585,-1.8644087,-2.0711224,-0.35235882
TraesNOR5A03G02783950,-0.3330065,-0.44245255,-0.44245255,0.027485907,-0.5120796,-0.27245402
TraesNOR2A03G00695430,-0.10541582,0.15583175,0.15583158,-0.7962178,-1.1618142,-0.23089266
TraesNOR3B03G01719470,-0.40515924,-0.690354,-0.69035375,-1.9598584,-2.62064,-0.87671936
TraesNOR4D03G02528760,-0.0046588182,-0.40334105,-0.40334105,-0.80876124,-1.7406974,0.06087321
TraesNOR2B03G01095930,-0.039286852,0.03882575,0.03882575,-0.21356356,-0.31134152,-0.15198982
TraesNORUn03G04728110,-0.22103786,-0.23308909,-0.23308909,-0.4148476,0.030913949,-0.28630126
TraesNOR2A03G00732930,-0.0012347698,0.2161473,0.2161473,0.5674436,0.50517344,-0.1682229
TraesNOR7B03G04152890,-0.010645509,-0.07081342,-0.07081342,-1.1674328,-1.1648927,-0.114904165
TraesNOR3D03G01985980,-0.01124537,-0.0654248,-0.0654248,-0.38660085,-0.23594272,0.018442929
TraesNOR2D03G01245590,-0.31927645,-1.1699374,-1.1699374,0.020601213,-0.50227416,-0.44374216
TraesNOR7B03G04235160,-0.40944314,-0.6082494,-0.6082494,-2.2589874,-0.94079435,-0.24626577
TraesNOR5D03G03134150,-0.005199194,0.09816748,0.09816742,-0.6682311,-0.93779397,0.18229276
TraesNOR7B03G04169880,-0.07070398,-0.53041315,-0.53041315,-1.5314639,-1.3705726,-0.12139809
TraesNOR3B03G01745690,-0.17409527,-0.2929392,-0.2929392,-3.5528994,-4.518966,-0.2615974
TraesNOR4B03G02359230,-0.00018179417,0.05874765,0.05874765,-1.8457634,-1.2040367,-0.030807972
TraesNOR6D03G03695860,-7.748604e-06,-0.019839406,-0.019839406,-1.8492193,-0.53306496,-0.13134575
TraesNOR5D03G03249470,-0.081332445,-0.641049,-0.64104927,-8.416754,-3.262948,-0.57170284
TraesNOR3D03G01962770,-0.0007609129,0.3981164,0.3981164,-0.1496774,0.32635218,-0.26786244
TraesNOR2D03G01270840,-0.21871185,-0.2729354,-0.2729354,0.19493175,-0.2248478,-0.5739888
TraesNOR6A03G03387690,-0.010246992,-0.86064065,-0.86064065,-1.404788,-1.1030331,-0.22882974
TraesNOR1A03G00102710,-0.0019049644,-0.16671073,-0.16671062,-0.7385082,-0.56312823,-0.10020721
TraesNOR3A03G01497710,-0.0010944605,0.09968054,-0.09295535,0.038564324,0.22994423,-0.49334812
TraesNOR6B03G03601610,-0.008853793,0.40925217,0.4092521,0.41671956,0.38451815,-0.37147236
TraesNOR6D03G03800800,-1.1920929e-07,0.13415992,0.13415986,-0.06445384,-0.03681135,0.040858448
TraesNOR3D03G02009650,-0.109607935,-0.24055648,-0.24055648,-0.7255393,-1.8492362,-0.17851603
TraesNOR5D03G03237760,-0.10835576,-0.21538794,-0.21538794,-0.9029646,-2.848023,-0.11601627
TraesNOR4D03G02540020,-0.011868358,0.12504292,0.12504292,-0.26560056,-0.689584,-0.5808207
TraesNOR7D03G04469540,-0.00071406364,0.23537314,0.23537314,-0.039277434,0.13719559,-0.017794847
TraesNOR2D03G01308350,-0.18562078,-0.109829664,-0.109829664,-1.0927377,-2.288228,-0.1281619
TraesNOR5D03G03151860,-0.29221463,-0.61399424,-0.61399424,-2.9385784,-4.2546177,-1.1717217
TraesNOR5B03G02954250,-0.20244586,-0.104691505,-0.104691386,-5.208044,-8.818902,-1.0986502
TraesNOR3D03G01956770,-0.4366169,-0.39449036,-0.39449036,-0.7320974,-0.52115536,-0.8164427
TraesNOR1D03G00579960,-0.0030802488,0.17244762,0.17244762,-0.04432547,0.07907337,-0.08294189
TraesNOR2D03G01217590,-3.9339066e-06,-0.68189585,-0.68189585,-2.7238848,-1.4494979,-0.45694232
TraesNOR3D03G01863090,-0.87079513,-0.9573823,-0.9573823,-1.388375,-1.4269714,-0.7497194
TraesNOR5B03G02948430,-0.5763153,-0.6236826,-0.6236826,-0.23157203,-0.18910539,-1.2663107
TraesNOR3B03G01817980,-0.429626,-0.44406474,-0.44406474,-4.638111,-3.8954597,-2.1807618
TraesNOR1B03G00248780,-0.0027251244,-0.17255509,-0.17255509,-1.4902065,-0.7436713,0.0035645366
TraesNOR7A03G03849870,-0.00032770634,-0.52555966,-0.52555966,-13.094343,-8.666885,-2.4493268
TraesNOR5B03G02909740,-0.32398665,-0.076765895,-0.076765776,-0.26985526,-0.86322725,-0.7041098
TraesNOR3D03G01848970,-0.012859106,0.07059026,0.07059008,-1.7962887,-0.19129598,-0.42121565
TraesNORUn03G04636790,-0.002413392,0.2164796,0.21647948,0.12001318,0.2066102,0.0070453286
TraesNOR4A03G02176030,-0.030368686,-0.03446555,0.03887081,-23.50573,-32.70408,-0.66100276
TraesNOR3B03G01581130,-3.5762787e-07,-0.17107713,-0.17107725,0.024226725,-0.0962441,0.028179765
TraesNOR3A03G01400060,-0.001979351,-0.03026104,-0.03026104,-1.9182355,-0.8802805,-0.06602156
TraesNOR7B03G04088830,-0.12450564,-1.1313248,-1.1313248,-14.195662,-18.209845,-2.8624113
TraesNOR2D03G01281060,-0.14686918,-0.08098507,-0.08098507,-10.829531,-8.605019,-0.36622584
TraesNOR7A03G04022110,-0.12644064,0.103618026,0.103618026,-1.465749,-1.3264883,-0.57183397
TraesNOR3D03G01975500,-0.01784122,-0.022693753,-0.022693753,-0.6580647,-0.7254633,-0.04225278
TraesNOR6D03G03808750,-3.5762787e-07,0.005441606,0.005441606,-1.9602509,-0.19618487,-0.01368463
TraesNOR5B03G02976560,-0.00093483925,-0.03695798,-0.0369581,-0.276379,0.013125479,0.04022467
TraesNOR6B03G03462240,-0.1601237,-0.25429714,-0.25429714,-0.8823346,-1.638634,-0.7496419
TraesNOR2D03G01151340,-0.016834855,-0.6763611,-0.6763612,-1.0483351,-1.3285179,-0.13328946
TraesNOR7D03G04423630,-2.8014183e-05,0.019022465,0.019022465,-0.3155458,-0.23932052,-0.018643618
TraesNOR4D03G02499730,-0.04632342,-0.5137466,-0.5137466,-10.9628315,-2.1273463,-2.1752048
TraesNOR6A03G03420130,-0.10609043,-0.6884384,-0.68843853,-1.1876311,-0.50895727,-0.307369
TraesNOR3B03G01709270,-0.35354996,-0.31567764,-0.31567764,-3.087257,-0.33234727,-1.4605641
TraesNOR4A03G02141730,-1.1920929e-07,-1.9985299,-1.9985301,-8.713343,-12.18071,-0.7562264
TraesNOR7A03G04031770,-0.05899346,-0.34760833,-0.34760833,-2.1677082,-1.7840078,-0.08306193
TraesNORUn03G04642760,-0.004392743,-0.87114704,-0.87114704,-0.02394998,-0.3821559,-0.43726552
TraesNOR7D03G04461870,-0.00050878525,-0.15045977,-0.15045977,-1.0172253,-1.660397,0.0600577
TraesNOR7B03G04088840,-0.5184367,-0.73335135,-0.73335135,-14.897465,-3.5666947,-3.8690667
TraesNOR6D03G03722920,-0.017104864,-0.043973446,-0.043973446,-0.7382667,0.21638602,-0.03326249
TraesNOR4B03G02256190,-0.5655469,-0.6496581,-0.6496581,0.5320978,-2.8763108,-0.75182414
TraesNOR7B03G04162670,-0.2056073,-1.1010685,-1.1010685,-0.8831266,-2.5463448,-0.6798376
TraesNOR6D03G03805160,-0.0032291412,0.16761214,0.16761214,-1.2416565,-0.6660818,0.0071151257
TraesNOR3D03G01892150,-0.29012442,-0.61213565,-0.61213565,-29.861418,-42.501385,-0.65291333
TraesNOR4D03G02457770,-0.10582745,0.09225142,0.09225142,-0.13295698,-0.18692052,-0.46330774
TraesNOR6D03G03801680,-0.016206264,0.6550768,0.65507686,0.17997622,0.36999118,-0.40931785
TraesNORUn03G04555760,-0.2559172,-0.22725427,-0.22725427,0.042329013,0.043534994,-0.62927914
TraesNOR4D03G02494560,-0.0002541542,0.18564844,0.18564844,0.058996975,-0.4184283,-0.14618206
TraesNOR1D03G00485120,-0.21591747,-1.122659,-1.122659,-0.11567724,0.20039093,-0.7809161
TraesNOR7D03G04405950,-3.5762787e-07,0.32253283,0.32253283,-2.8794158,-0.51144934,0.0240013
TraesNOR5B03G02990400,-0.029295683,-0.1457107,-0.1457107,-1.3240998,-1.6141078,0.0029768348
TraesNOR2A03G00636120,-0.012676835,-0.21178114,-0.21178114,-0.11125541,-0.30822194,-0.022053123
TraesNOR2D03G01205410,-0.001036644,0.21224433,0.21224433,0.2655036,0.033283353,-0.0011050701
TraesNOR2B03G01028680,-0.036774993,0.2495017,0.2495017,-0.5827086,0.0086537,-0.26016426
TraesNOR2B03G01005770,-0.3143121,-0.26082075,-0.26082063,0.2604832,0.28644705,-1.7439952
TraesNOR3A03G01414500,-9.226799e-05,0.29223657,0.29223663,-1.848391,-0.8506565,-0.07464719
TraesNOR6D03G03682270,-0.0980438,0.168253,0.168253,-0.6332303,0.115161836,-0.3411783
TraesNOR2D03G01281140,-0.04438436,0.14375722,0.14375722,-0.31783724,-1.3548799,0.0502131
TraesNOR7D03G04444160,-0.15855062,-0.3437513,-0.3437513,-3.6483178,-3.4866862,-0.1525755
TraesNOR7A03G03863220,-0.00048947334,0.439309,0.439309,-1.4040093,-1.0508859,-0.0040231943
TraesNOR4B03G02406400,-0.006268978,-0.14057481,-0.14057481,-0.2536404,-0.16935956,-0.12512326
TraesNOR3A03G01480710,-0.2725048,-0.5391886,-0.5391886,-2.208641,-1.3626621,-0.65970445
TraesNOR3B03G01561130,-0.0062114,-0.1460073,-0.1460073,-2.4897583,-1.4294641,-0.0709157
TraesNORUn03G04621150,-0.11482906,-0.53945255,-0.53945255,-0.5716673,-0.5289991,-0.7328143
TraesNOR6B03G03583590,-0.50157106,-0.4738245,-0.4738245,0.33114624,0.04517013,0.04472381
TraesNOR2A03G00611620,-0.35253632,-0.63174057,-0.7641543,0.04602611,-0.60645866,-2.6593435
TraesNOR4B03G02405160,-4.1007996e-05,0.059441388,0.059441388,-0.094648,-0.11361122,-0.18632364
TraesNOR5D03G03060450,-0.43462396,-0.4626732,-0.4626732,0.1669442,-2.5808704,-0.6269634
TraesNOR7D03G04466460,-0.5367652,-1.1314445,-1.1314445,-0.25527358,-0.8282813,-2.345332
TraesNOR5A03G02641430,-0.0006568432,0.19531119,0.19531137,-1.5133064,-0.19366181,-0.91683817
TraesNOR4D03G02529550,-0.0014816523,-0.1283617,-0.1283617,-0.53079844,-0.040161252,-0.13863266
TraesNOR3B03G01718600,-0.21155131,-0.28201377,-0.28201377,-1.4136693,-2.7767727,0.057060897
TraesNOR5B03G02966940,-0.32900906,-0.7916697,-0.7916697,-0.551599,-0.26527226,-1.0222626
TraesNOR7B03G04240640,-0.2427392,-0.56558084,-0.56558084,-24.15346,-25.219921,-0.19963348
TraesNOR1B03G00364970,-0.004282832,0.023565412,0.023565352,-0.27868247,-0.27191854,-0.01280129
TraesNOR3D03G01876170,-0.13027096,-0.22371972,-0.099512935,-3.197528,-3.645804,-1.131505
TraesNOR2B03G00863510,-0.17051506,-0.6006235,-0.6006235,0.000603199,-0.9438051,-0.49670887
TraesNOR6D03G03782300,-0.06422579,-0.29241621,-0.29241621,-0.11409724,-0.16199851,-0.5499619
TraesNOR2A03G00704650,-0.077395916,-0.08754015,-0.08754027,-1.9924748,-0.6751801,-0.6760355
TraesNOR5A03G02681000,-0.080471754,-0.4550966,-0.4550966,-0.38815188,-0.1883241,-0.5449935
TraesNOR6D03G03831980,-0.03196025,-0.17588556,-0.17588556,0.09801394,-0.8321173,-0.14746177
TraesNOR1B03G00395170,-0.0039275885,0.016182542,0.016182542,-1.4986722,-0.17777562,-0.037766814
TraesNOR2A03G00773350,-0.0020489693,0.046302855,0.046302855,-0.68510056,-0.035504222,-0.057352424
TraesNOR7D03G04498290,-0.0020122528,0.1624304,0.1624304,-0.21560228,-0.24619496,-0.24657798
TraesNOR4A03G02080550,-0.36793172,-0.34608793,-0.3460884,0.8010621,0.3358968,0.057805598
TraesNOR7D03G04328170,-0.53988373,-0.45057237,-0.45057213,-0.23668516,-0.19932711,-2.1171227
TraesNOR1B03G00187850,-0.03385818,-0.34259856,-0.34259856,-0.85694957,-0.28582478,-0.11945593
TraesNOR4A03G02035180,-0.024000525,-0.28181076,-0.28181076,-0.9790119,-1.5574865,-0.40887976
TraesNOR4D03G02435480,-0.0324409,-0.15155661,-0.15155661,-0.16202056,-0.50906146,0.042011917
TraesNOR3D03G01826800,-0.0006881952,-0.06808877,-0.06808877,-0.7731991,-1.1288557,-0.10228765
TraesNOR2A03G00820550,-0.078689456,-0.059871316,-0.059871316,-2.927249,-1.7256005,-0.4338863
TraesNOR2D03G01297390,-0.3474759,-0.09494364,-0.09494364,0.44316012,0.3725937,-0.7629119
TraesNOR3B03G01644330,-0.0024565458,-0.071523786,-0.071523786,-1.308908,-2.5576735,-0.08392739
TraesNOR6A03G03383350,-0.0022615194,0.073975086,0.073975086,-0.43368077,0.31239933,-0.2607293
TraesNOR5B03G02852310,-0.82272017,-0.85519195,-0.85519195,-1.8721113,-2.645541,-1.809196
TraesNOR2B03G01021770,-0.0012454987,-0.13191271,-0.13191271,0.009416759,-1.2608128,-0.0030169487
TraesNOR1B03G00392730,-0.3645457,-0.3125199,-0.3125199,-0.10056615,-0.43717504,-1.8688605
TraesNOR5B03G03033940,-0.011190534,-0.24268019,-0.24268019,-9.378534,-1.8037715,-0.26260567
TraesNOR3A03G01465930,-3.5762787e-07,0.05159539,0.05159533,-0.33755124,-0.30938578,-0.09425819
TraesNORUn03G04707310,-0.31662178,-0.42641783,-0.42641783,-1.3512132,-1.0401416,-0.4451567
TraesNOR3D03G01968650,-0.058542848,0.24219817,0.24219817,-5.663107,-3.2677264,-0.8290354
TraesNOR2D03G01169670,-0.15182662,-0.2759359,-0.2759359,-1.0638492,-0.8755529,-0.72940004
TraesNOR5D03G03237750,-0.06182933,0.020552695,0.020552695,-4.4604964,-1.7848012,-0.052507043
TraesNOR1D03G00475390,-0.0012744665,0.20165604,0.20165604,-1.6323466,-1.5283806,-0.08057308
TraesNOR5A03G02783320,-0.009637237,-0.015450239,-0.01545012,-2.1442933,-2.4336152,-0.037958503
TraesNOR5D03G03174160,-0.007838845,-0.37560296,-0.42755282,-3.2897258,-1.8074274,-0.13594604
TraesNOR1D03G00446970,-0.024769425,-0.13085532,-0.13085532,-1.0032449,-0.9869145,-0.18982387
TraesNOR5B03G03022320,-5.6028366e-06,0.35696036,-0.5300274,-0.7910068,-1.4896777,-0.20277715
TraesNOR2A03G00729650,-0.44253147,-0.9145911,-0.9145912,0.19787723,-0.54567015,-0.40501237
TraesNOR7D03G04529240,-0.0009224415,-0.613166,-0.6131656,-25.443573,-10.781896,-0.12705112
TraesNOR3B03G01629060,-0.5743511,-0.53090894,-0.53090894,-6.229787,-8.0547495,-0.7204871
TraesNOR1B03G00339250,-0.035048723,-0.10076499,-0.10076499,-0.26893044,-0.4092946,-0.08669698
TraesNOR5A03G02798540,-0.044059277,-0.17935205,-0.17935205,-0.70216215,-0.110223055,-0.26034296
